Magnitude,Crime_Types,time_of_day,shops_nearby,area_type,has_Vehicle,crime_rate,number_crime_last_Three_months,number_people_accompanying,weather_condition,proximity_police_station,proximity_hospital,streetlight,traffic_density,reported_crimes,proximity_public_transport,SafeRoad
1.0758717015094539,2,3,3,1,1,4,27,5,4,3.83,1.08,1,5,70,6.52,92
4.901706030426823,1,3,2,1,0,2,50,3,3,3.87,8.11,0,3,49,5.35,98
3.3870213230922412,1,4,0,2,0,3,1,1,2,7.21,3.96,1,5,85,8.67,68
9.286228384762605,4,4,8,3,0,4,2,5,4,1.99,9.09,1,1,10,4.53,25
5.0884592978078675,5,4,1,3,0,3,4,1,4,4.78,2.88,1,2,69,5.41,55
5.503973708985917,3,1,6,2,0,3,26,2,1,8.79,0.68,1,2,21,7.48,40
6.102584592229177,1,2,4,1,0,2,25,0,1,5.5,9.06,1,0,69,0.56,33
7.1516253202048885,5,1,1,2,1,4,43,1,1,4.13,7.54,0,2,93,3.58,44
8.671969565400838,3,4,3,2,0,4,33,3,1,6.45,7.95,1,2,62,3.59,85
2.555926328190189,1,4,0,2,0,2,25,0,1,5.03,6.72,0,1,74,1.29,56
2.8302206010108666,2,2,4,2,0,1,8,5,2,7.26,2.39,1,1,20,6.81,38
1.6617526044939652,2,4,0,2,1,3,7,4,2,1.31,0.98,1,2,44,7.64,83
7.408681943649471,3,2,7,1,1,1,12,4,3,9.63,3.79,0,1,79,2.25,21
8.863213004241446,2,3,10,1,1,3,34,5,4,5.36,9.77,1,2,79,6.02,4
7.574987011141165,3,3,6,2,0,3,43,3,3,8.48,8.39,1,3,20,5.5,4
9.09785717302414,3,2,3,3,0,4,16,3,3,4.81,2.56,0,4,41,1.71,20
6.974977863867151,4,3,8,2,1,3,14,0,4,9.11,7.37,1,4,87,2.96,90
5.552479215047482,4,2,4,3,0,2,43,0,1,1.6,0.38,1,1,33,3.83,74
5.996140281599652,2,3,9,3,0,2,22,0,4,8.54,7.96,1,0,86,6.37,27
5.243949406640044,3,4,4,2,1,3,33,0,1,9.39,8.85,0,0,56,5.01,27
3.639113138125037,5,3,7,1,1,2,36,0,2,9.62,3.49,1,2,53,3.45,57
9.157299491023696,5,1,8,2,0,1,0,3,4,1.36,2.99,0,0,28,5.29,47
1.3167319636308874,3,4,9,2,1,2,49,2,3,7.95,9.44,1,0,6,6.25,77
8.330121067284908,2,2,2,3,0,4,31,5,1,4.03,2.53,1,2,95,9.35,33
2.242453370841586,3,4,5,2,1,2,11,0,3,7.49,1.63,1,3,27,1.98,6
6.126938110085534,4,3,2,3,1,4,1,3,1,4.35,3.6,1,2,88,9.24,11
3.030358857899153,1,3,0,3,0,1,29,3,4,1.09,8.72,1,4,50,3.9,52
9.391918092331508,5,1,8,1,1,4,10,5,1,3.98,8.58,1,3,62,6.69,40
7.845651425518264,1,1,9,1,1,3,44,1,3,9.79,1.75,0,1,49,2.07,9
9.898070730843136,2,1,4,2,1,1,14,3,4,3.74,6.87,0,0,90,5.51,64
4.990693922344298,4,3,8,2,1,1,34,5,1,4.86,2.8,1,0,14,4.07,69
9.224260481535596,3,3,5,3,1,4,13,5,4,3.51,9.6,1,1,9,6.87,70
8.95248290935309,2,4,8,2,0,4,20,0,3,2.07,4.89,1,4,7,4.73,16
1.0410477285482673,1,1,3,2,0,2,18,2,2,6.31,7.92,0,5,34,5.33,85
2.884515666274945,2,1,7,3,0,2,7,3,2,4.3,3.49,0,2,37,8.53,31
5.45000866135668,1,4,7,1,0,1,30,3,2,6.01,9.77,0,0,88,9.51,17
9.62806110209668,5,2,3,3,0,2,5,3,2,7.71,3.64,0,5,15,1.01,44
4.357192174750339,4,3,1,2,1,2,4,0,3,1.18,6.4,0,4,47,0.44,70
3.7907244165626617,3,2,0,1,0,2,47,0,3,8.41,2.51,0,1,6,7.26,80
7.753986271612789,5,3,7,1,1,2,11,0,2,3.46,3.96,1,3,13,2.51,5
4.500899549655323,4,2,4,1,0,2,17,1,1,7.22,1.71,1,3,61,1.51,48
5.6268895167956385,5,4,8,2,1,2,31,4,3,6.8,1.06,0,4,92,3.79,11
4.503116801465217,5,4,7,2,0,2,48,0,4,6.04,7.7,0,0,1,3.64,87
9.015059882786609,5,4,1,3,0,1,46,3,1,3.16,3.2,0,2,10,6.61,92
4.898419602469767,4,2,7,2,0,4,27,2,1,9.55,1.06,0,3,12,0.34,82
5.817137813117844,2,1,3,3,0,2,0,0,1,5.1,4.05,0,1,40,2.95,62
5.141784590728694,3,2,6,2,1,1,43,0,2,4.35,9.79,1,2,90,2.82,8
5.158181223415911,4,3,8,3,0,1,14,2,3,9.29,7.86,0,1,4,9.05,67
4.341354487085489,1,3,2,1,0,4,27,0,1,7.64,1.97,0,5,42,2.43,36
2.8957438642312194,1,2,8,2,0,2,42,0,4,6.84,9.77,1,0,31,5.1,37
1.1411362548554929,1,1,2,3,1,2,1,2,3,3.28,9.67,0,5,76,7.39,73
3.3767370834124417,1,3,6,3,1,1,9,4,1,9.5,7.0,1,5,47,3.43,100
5.765382013098276,3,2,7,3,1,1,18,2,4,5.95,4.07,1,3,77,6.48,94
7.787038376605016,5,2,8,3,0,3,6,4,4,1.61,7.7,0,4,100,5.38,49
4.6437279492696835,4,4,7,3,1,4,6,2,4,1.76,7.08,1,2,86,1.49,86
6.46143344197055,5,3,7,2,1,4,43,1,4,0.11,3.28,0,4,63,7.48,83
8.068682041706454,2,2,3,2,0,3,34,5,3,9.7,9.52,0,3,99,0.37,31
2.3360550233717734,1,1,3,2,1,1,7,3,2,8.23,6.19,0,5,94,1.46,89
8.030070897666203,5,1,0,3,0,2,13,1,4,6.63,2.27,0,1,71,8.53,32
2.027589306776122,3,2,10,1,1,3,16,0,2,5.84,8.21,1,0,29,7.02,88
5.236344755421989,4,4,6,1,0,4,25,1,2,7.24,4.16,1,2,55,7.54,34
7.303222795325497,5,4,4,2,0,1,44,0,3,3.43,8.55,0,2,6,9.39,81
5.0428841325119915,5,2,4,1,0,3,12,0,1,5.89,2.32,0,3,66,2.84,74
5.619196525525611,1,4,10,2,1,3,32,1,1,5.86,4.72,0,2,35,5.03,89
4.508959154894717,1,2,6,1,1,3,40,1,4,8.0,8.67,0,5,88,2.25,77
8.924467669678577,2,4,2,1,1,1,36,5,1,2.1,2.61,0,4,67,4.68,33
8.596028894484018,2,1,7,2,1,3,48,4,4,7.99,7.32,0,2,66,3.65,59
2.17543665203427,2,2,7,2,0,4,28,4,3,0.14,6.1,0,2,21,8.35,30
6.516429981118456,5,4,4,3,1,3,1,0,3,2.53,5.94,1,1,95,7.99,20
8.52475574687003,5,3,4,1,1,1,34,5,4,3.87,7.07,0,0,63,2.1,38
5.217413252080258,2,4,1,1,0,3,35,5,1,0.46,7.41,0,0,12,1.82,95
6.577184625116551,4,3,9,1,0,4,8,5,1,5.77,5.16,1,2,54,8.67,31
9.760065432309407,1,1,0,3,1,4,46,2,3,4.56,5.16,1,0,95,9.77,82
4.535031916359539,1,1,1,2,1,2,5,2,2,9.16,7.14,0,1,86,4.1,1
6.098276452962921,3,4,6,2,1,1,22,2,2,1.12,5.53,0,3,28,5.64,60
7.967912545450861,2,3,3,3,0,4,15,4,3,9.98,3.22,0,2,62,2.44,50
9.019305654098398,3,3,6,1,1,2,7,4,3,7.9,4.66,1,4,44,8.97,82
4.959199691814657,3,1,7,2,1,3,19,1,4,1.06,1.93,0,0,8,5.12,60
5.678284809304372,4,1,1,1,0,1,39,1,3,2.03,1.15,0,1,97,0.69,23
1.799073076771147,3,2,7,3,0,1,37,2,2,5.64,2.12,1,5,62,2.4,47
7.6049084071811786,5,1,8,2,1,1,10,0,3,7.35,6.22,0,2,70,2.94,82
1.9461354127397845,3,4,5,2,0,4,41,4,4,9.87,1.12,1,5,43,3.6,3
2.381210452612883,5,2,10,1,0,2,28,0,1,0.32,9.79,0,1,70,9.13,50
8.51425239376424,4,2,4,2,0,2,34,5,2,0.6,2.31,0,1,8,3.95,38
1.5927952531777203,1,1,5,2,1,4,31,3,3,2.24,4.26,1,1,86,4.0,56
1.0619279405086917,3,4,1,1,0,4,41,4,1,8.99,0.54,0,5,1,5.08,69
4.066128423503297,1,1,9,3,0,2,20,0,2,3.22,4.24,0,4,90,6.64,30
2.1213486641962476,5,3,1,2,0,4,39,0,4,3.16,0.27,0,1,17,7.24,16
6.0470363967692915,5,2,4,2,0,1,16,1,2,4.81,2.03,0,0,29,6.83,49
4.318460584497677,3,4,8,1,0,2,20,5,2,8.02,8.89,1,1,91,2.7,81
6.008704352902173,5,3,4,2,0,3,31,4,3,5.06,8.72,1,3,12,3.8,89
4.482743290314955,1,4,9,3,0,2,2,4,1,0.62,2.68,1,2,96,7.9,99
7.889017556145745,1,4,3,3,0,1,43,3,4,6.28,4.08,1,3,78,2.22,5
1.718899217894478,2,2,1,1,0,1,30,5,2,7.5,9.56,0,1,43,7.26,33
8.36287452124525,5,2,7,1,0,1,10,4,4,3.7,8.04,0,4,40,5.93,82
7.237413995352343,5,4,6,1,0,3,7,5,2,2.31,1.69,0,0,6,1.53,75
7.21656633384462,2,3,7,3,0,1,50,3,1,9.85,4.59,0,4,52,4.8,79
3.2079360826966234,4,3,6,2,1,3,29,4,1,7.25,0.63,1,5,61,1.2,49
1.7048197433596672,1,3,3,3,0,2,13,1,2,7.85,2.22,0,3,54,4.19,64
5.428502914569471,1,2,4,1,1,2,37,0,2,3.77,8.05,0,1,17,3.68,52
9.104199463561715,1,4,3,3,1,4,28,4,3,6.0,1.31,1,4,86,2.1,78
4.640847416030749,5,4,9,2,1,3,28,0,4,0.28,8.02,0,3,10,9.6,83
8.43796424037357,2,2,1,1,1,1,27,4,2,0.4,4.61,1,0,50,0.66,32
4.859343299682192,5,2,0,2,0,4,6,5,2,6.58,5.85,0,4,81,5.35,6
2.3529496468031788,5,2,2,1,0,2,11,0,1,2.75,0.59,0,3,75,6.17,35
4.882469777000637,4,1,5,1,0,4,40,5,2,1.57,5.53,0,1,97,5.12,2
7.480272938248423,2,4,9,2,1,4,32,5,1,5.06,9.66,1,1,89,9.26,4
4.3768368521697765,4,2,1,3,1,3,50,1,3,5.05,9.51,0,1,81,7.04,58
1.3786232486202172,5,3,10,1,0,4,3,0,1,7.06,9.42,1,5,22,4.23,77
3.3937358338283476,4,4,8,3,0,3,6,2,3,4.62,8.17,1,0,74,7.47,96
6.3067508856115415,3,2,6,2,0,2,22,0,4,3.31,9.36,1,0,40,2.03,39
2.791864214344452,2,1,0,3,1,1,30,2,1,0.38,1.23,1,2,57,7.55,49
1.8558212877923639,5,1,5,1,0,1,32,4,4,9.73,5.97,0,3,46,1.37,42
7.728458329173181,3,3,10,2,1,4,10,4,2,3.86,2.37,1,2,6,6.69,12
3.818223937579081,1,4,6,3,1,1,28,5,3,1.74,3.82,1,5,84,8.3,35
9.771787598093189,3,2,2,1,0,2,45,1,3,5.04,9.82,0,2,3,5.35,82
9.171434148372345,4,3,3,2,0,1,5,1,1,3.56,2.97,1,4,22,3.7,26
6.634671795161598,1,1,4,3,1,2,4,5,4,6.51,8.4,1,0,16,5.21,37
8.898785591271217,1,2,4,3,1,2,28,5,1,7.48,9.15,0,1,1,4.52,64
2.846862309226381,2,4,2,2,1,1,7,5,1,7.03,4.22,0,5,10,4.07,43
6.352863466949362,4,2,6,1,0,1,28,5,1,2.56,6.95,0,1,7,1.29,79
1.9549901846234339,1,4,1,3,1,3,17,2,4,8.74,0.82,0,4,82,3.92,63
9.865046506507,2,1,3,2,1,4,46,4,3,7.28,8.37,1,2,99,0.3,67
3.4175172952097155,2,4,8,2,0,4,6,3,1,0.71,0.19,0,0,96,6.18,98
9.845676298909806,4,1,10,3,1,3,31,4,2,4.39,1.87,1,3,88,2.07,25
1.6013032714171627,5,1,0,3,0,2,10,2,3,4.38,0.63,1,0,29,5.91,50
6.5954784601914,3,2,1,2,1,2,29,0,4,9.7,8.96,1,5,90,7.47,96
6.613468173155939,3,2,9,2,1,2,33,1,3,1.4,3.06,0,5,13,1.73,75
2.0428564177320543,3,3,5,2,1,3,18,0,3,7.22,2.53,0,5,0,0.43,56
6.6115395350600545,1,4,7,1,0,4,37,4,2,5.12,1.34,1,2,55,2.29,76
3.4533697310757647,5,2,8,3,1,1,7,5,2,2.04,3.73,0,2,55,7.35,10
3.199907304246821,1,3,8,2,0,1,19,4,1,3.5,6.29,0,2,92,8.87,10
2.228341963495415,3,1,3,2,1,3,17,4,3,5.66,0.86,1,5,65,4.95,21
1.4924625622046461,2,3,9,3,1,1,40,1,3,7.38,5.05,1,1,92,3.11,31
1.337431967472836,1,3,2,2,1,1,44,4,3,7.46,7.1,0,2,19,0.51,78
6.586839677709136,4,2,7,1,1,3,46,1,4,5.78,7.82,0,2,24,4.39,86
4.26725016423959,1,2,9,1,0,4,30,1,3,3.15,2.69,0,4,47,6.78,75
4.921349339773168,5,2,2,2,1,4,11,1,3,6.49,4.51,0,2,75,3.94,31
4.757109400733684,2,2,6,3,1,2,10,1,2,2.24,3.55,1,5,86,8.73,14
5.983988984252915,5,4,7,3,1,4,27,0,1,4.07,4.85,0,0,67,3.78,91
7.191411098407316,3,2,2,1,1,3,10,5,1,2.98,2.38,0,4,16,4.86,93
6.471570899389585,1,4,10,3,0,1,42,1,3,9.88,5.58,1,1,38,9.4,4
8.734681250736458,1,2,7,2,1,1,40,0,3,7.07,2.07,0,0,27,8.3,73
6.856455388597638,1,4,10,2,0,1,12,4,2,0.12,9.86,1,1,90,9.74,86
2.3147705236099245,5,2,9,2,0,3,28,1,4,1.24,4.5,0,1,74,3.29,55
7.6168549045337555,1,2,8,2,1,3,41,3,1,2.07,3.71,0,5,47,9.14,51
4.39896284322772,4,4,0,2,0,3,5,1,1,5.41,2.08,1,4,100,5.11,1
2.1711997628644526,3,4,10,3,1,1,22,1,1,1.32,6.55,1,4,67,7.94,59
6.654611011451531,5,2,5,1,1,4,8,0,3,3.63,8.7,0,0,15,0.18,40
3.2755549340671823,2,2,1,3,1,2,4,4,4,0.95,0.74,0,3,49,8.27,69
2.9204775417868105,4,2,5,2,1,4,44,0,4,8.34,1.13,1,3,13,1.26,57
4.992126573853099,1,4,4,2,1,3,36,0,2,1.45,4.42,0,5,15,9.89,78
9.554515428483185,2,1,1,1,1,3,37,2,2,1.43,3.14,0,1,68,4.32,88
4.516323229182715,4,3,10,2,0,2,40,2,4,1.75,8.15,0,2,51,5.8,60
2.141352714184088,4,2,5,2,0,2,23,5,2,9.39,1.26,1,5,33,5.94,86
7.925168497329683,4,4,4,3,0,2,42,1,2,9.76,8.51,1,2,15,7.79,79
2.369820145979779,5,1,10,2,0,3,39,0,1,1.97,6.39,0,5,14,5.98,89
1.0789266083791194,4,4,8,3,1,4,9,3,2,4.52,1.91,1,0,44,6.56,6
7.612157579276078,2,2,10,2,1,4,32,5,2,8.74,9.35,1,1,31,2.53,49
2.694581792721002,3,4,0,2,0,3,38,2,4,2.2,8.97,0,1,8,2.3,46
8.949813321612805,5,2,10,1,1,2,30,0,1,7.46,9.69,1,3,48,0.19,86
8.192254136708979,4,1,7,3,0,4,41,3,2,1.42,8.01,0,4,46,3.18,11
5.786339454323299,5,4,9,1,1,3,12,0,3,8.25,0.24,1,2,26,7.94,67
1.1722067645124912,2,1,4,1,0,1,16,2,1,9.78,8.03,1,5,62,1.95,95
4.746456251349928,3,1,9,3,1,4,23,5,1,9.95,9.99,1,1,61,1.2,92
1.5254062695630504,2,1,5,3,1,4,43,0,1,1.26,0.29,0,1,77,0.63,37
9.182268263712727,3,2,1,1,1,2,50,4,1,8.5,5.99,0,1,86,3.57,44
2.9280108147939874,3,3,9,2,1,3,6,5,2,4.39,7.96,0,4,75,2.32,6
5.93982144591521,2,4,5,2,0,4,2,5,1,4.68,8.48,0,3,71,4.36,95
1.9279209062516376,2,4,7,2,1,4,2,2,3,9.28,0.68,1,0,42,8.16,55
2.4170022725316604,4,2,6,3,0,1,45,2,1,9.05,4.99,1,5,1,3.47,79
6.622589318007336,3,1,9,3,0,1,18,4,3,7.87,2.25,1,5,53,5.72,99
1.0021975833162222,1,2,5,1,1,1,27,3,4,3.37,7.16,0,4,78,1.05,43
5.750624449390524,1,1,3,3,0,4,50,4,4,0.86,2.18,0,1,36,6.03,5
2.2980810424967117,5,2,1,2,1,2,21,3,1,4.14,0.38,0,4,87,1.79,91
3.8829908991686417,2,4,10,1,0,3,18,3,1,7.68,5.55,1,0,62,7.53,24
7.886040697205992,4,4,8,3,1,2,11,2,3,2.87,6.93,0,5,0,3.64,16
9.948284505738943,1,3,8,2,1,3,42,2,4,1.63,3.97,1,2,73,4.3,97
3.0533628244101907,3,4,6,2,0,1,50,2,2,7.15,8.41,0,3,2,1.94,39
9.99944318689437,4,2,10,2,0,2,15,4,3,8.88,5.67,1,0,75,6.96,70
7.325485979050176,4,4,10,1,0,1,27,0,2,3.64,2.68,0,5,57,5.69,72
9.393947298870442,1,3,5,2,1,3,14,5,2,3.88,7.64,0,1,35,4.14,46
5.724299043499983,5,4,8,2,1,4,35,1,2,2.19,7.76,1,2,40,6.38,43
6.84224064588466,5,2,8,1,0,2,20,5,3,3.59,1.95,1,4,99,9.82,13
8.222919614984464,3,2,4,1,1,1,1,0,3,7.64,0.12,0,4,31,9.66,45
1.0999155602085615,4,2,10,1,1,4,27,4,4,5.67,1.94,1,0,22,0.19,30
9.689142333612459,4,3,7,3,0,3,36,5,3,1.11,7.8,0,1,15,9.44,13
2.871818478977877,3,4,10,3,1,4,22,4,1,0.63,5.98,1,3,43,4.42,77
5.0642698238068204,2,2,6,2,0,3,7,2,3,0.58,4.61,1,5,47,7.99,32
3.767023605956676,1,2,2,1,1,2,25,3,2,4.76,8.57,0,3,96,4.04,50
8.274841620618162,5,1,0,1,0,1,24,5,4,3.06,0.94,1,0,40,1.1,44
3.5689720398589753,1,1,0,3,1,1,37,4,1,7.99,8.33,1,5,20,4.69,44
8.260484664874536,1,3,3,3,1,4,5,3,3,1.51,4.55,0,4,68,3.07,42
5.326825214681744,2,2,2,2,0,3,47,0,1,1.01,7.75,1,2,95,2.36,83
3.5447846864687875,2,3,4,2,1,3,23,2,3,7.66,1.1,1,3,38,4.51,10
3.6095975196085037,1,4,9,1,1,2,23,4,3,5.93,0.77,1,5,34,3.14,2
7.981600574903764,1,3,9,1,1,3,18,3,2,6.28,9.17,0,5,97,1.4,80
1.58817437717356,5,2,7,1,1,4,9,5,1,3.67,3.85,0,2,65,1.01,69
6.539718418526288,4,2,8,3,1,3,22,0,2,5.72,0.84,0,5,58,6.11,21
3.0994204003554904,2,3,1,3,0,3,30,5,3,7.54,9.75,0,2,100,0.78,95
8.855858249842406,2,4,3,2,1,2,50,5,3,6.28,1.03,0,2,71,6.65,11
6.8535278645796,3,1,8,3,0,2,3,3,2,9.79,3.2,0,1,71,4.55,51
4.141793843017258,4,1,5,3,0,3,48,3,4,1.14,3.94,0,1,21,9.55,24
8.94307225945966,5,1,6,1,1,4,17,0,2,7.07,2.67,0,5,78,0.74,22
6.153507987961512,1,3,6,2,0,4,16,0,4,0.51,8.52,1,3,98,8.46,43
5.977563701469959,5,2,3,1,1,4,37,0,1,1.85,8.16,0,1,99,7.77,17
8.426715162983436,4,3,6,3,0,2,25,3,3,0.67,8.71,1,1,74,1.86,19
9.011410089034008,2,2,2,2,1,2,38,1,3,7.47,1.82,0,4,93,5.6,40
2.588914658912695,5,3,3,3,0,2,9,4,3,3.09,9.39,0,2,91,8.95,61
5.729278821319707,3,4,1,3,0,2,19,1,4,5.74,5.0,0,2,42,1.09,79
3.7037976800747083,5,1,5,3,0,3,6,4,1,7.57,2.54,0,0,43,4.56,80
5.579028815196283,1,4,2,1,1,1,23,5,4,3.27,8.13,1,5,21,3.42,99
2.424291693536001,4,2,2,2,0,2,37,0,1,7.97,5.62,0,2,93,5.14,30
7.627719853493896,5,4,4,2,1,1,0,1,1,7.58,6.16,0,3,59,4.47,57
8.453338586439916,2,4,2,2,0,1,44,5,2,2.81,8.16,1,3,59,1.79,45
1.3417407860551407,1,3,6,2,0,4,11,2,1,5.55,4.81,1,5,48,2.16,43
8.044488749817937,4,1,6,2,1,3,7,4,3,1.38,3.97,1,1,13,7.86,28
8.460831467544969,4,1,1,1,0,2,12,1,3,3.68,7.9,1,3,14,5.63,52
3.917243192643793,5,3,7,3,1,3,45,4,4,5.75,0.25,0,3,6,4.24,17
6.925247772393689,5,1,2,3,1,3,28,3,4,6.35,9.96,0,5,88,7.9,35
1.7559695817675058,5,1,1,3,0,1,20,2,2,5.78,6.12,1,4,44,2.01,66
1.5452917329374227,2,4,10,2,1,2,39,4,4,9.82,7.95,1,5,92,4.72,63
1.5776083414803366,4,1,7,2,1,4,12,4,3,4.56,2.31,1,5,20,4.54,25
3.463649706785904,5,3,2,2,0,2,42,3,4,9.56,1.36,0,0,90,6.14,68
6.211590841491294,2,2,5,2,1,1,48,1,3,8.59,6.88,0,4,15,1.36,81
3.2805773693771467,1,1,10,1,1,2,35,0,4,2.84,3.37,0,5,53,4.11,6
3.789276222794804,2,2,3,2,1,1,46,5,1,6.95,8.0,0,1,83,7.21,92
5.527576708867192,2,2,3,1,0,2,2,5,3,5.87,3.97,1,0,10,9.49,36
7.065459830094751,3,3,6,3,1,3,22,1,3,6.54,5.98,0,1,24,0.88,31
3.847592688708454,3,4,5,2,0,3,2,3,2,2.89,5.25,1,2,17,5.27,33
7.9255049949374445,4,2,2,1,1,2,42,4,4,3.14,7.58,1,1,32,3.8,31
4.021099068455976,4,2,10,1,1,4,2,2,2,0.83,6.31,1,4,5,2.78,4
5.442147455171828,3,2,3,2,0,2,46,4,1,3.27,3.92,0,5,26,3.09,23
6.128841350712422,1,2,2,2,0,1,6,0,2,1.52,9.06,0,1,14,2.9,3
7.52832773685112,4,2,9,1,0,4,27,0,4,2.2,8.92,0,0,87,8.78,32
9.846958140559746,3,4,2,1,1,1,36,2,2,0.97,2.22,1,2,85,4.86,100
6.487754487012455,2,2,0,2,1,2,12,1,2,4.79,7.52,1,1,92,7.72,74
9.985622482177455,5,2,5,2,0,3,41,4,3,6.95,8.75,0,5,96,6.3,38
1.1702147243656875,5,2,2,3,0,3,15,5,3,7.97,3.9,0,1,14,4.51,31
8.228576521369536,4,1,8,2,0,4,27,4,2,3.22,2.26,0,5,31,8.4,36
5.661983142807639,4,3,6,1,0,2,40,5,1,3.17,1.67,0,0,48,5.32,50
7.887400690337047,1,4,6,3,1,2,37,0,1,0.76,0.72,1,2,61,7.46,36
6.5204850275808095,1,3,2,2,1,4,12,1,3,5.54,3.49,0,4,44,0.38,89
5.138857227749018,1,2,1,2,0,1,38,5,4,5.08,3.21,0,0,87,3.54,98
5.373791903423577,4,4,1,3,0,2,10,1,3,7.66,8.97,1,3,72,8.59,29
1.7861931249045757,4,1,7,3,1,3,48,5,1,9.14,3.3,1,0,99,6.66,7
8.469788553844218,5,4,4,3,1,1,21,0,2,1.46,1.65,1,1,72,5.74,91
2.2399945217304,4,4,1,1,0,3,9,5,3,3.65,3.39,0,4,63,6.25,51
8.799842000208663,2,2,5,1,1,1,34,4,2,9.2,5.18,0,2,47,1.32,82
1.6099942103440816,5,3,7,1,1,4,5,5,2,8.51,3.6,0,4,36,5.0,40
7.422966088383223,4,4,0,1,0,4,42,4,4,0.92,4.86,1,0,25,0.64,76
5.91917595350416,4,3,8,1,1,1,11,0,2,3.85,1.47,1,1,58,9.43,28
6.239044680039148,5,2,9,2,0,4,38,1,3,8.37,0.82,0,1,22,1.14,57
6.095021046521208,5,1,10,3,0,2,33,5,1,5.25,4.68,1,5,22,2.32,32
2.5908041337308196,3,4,4,1,0,1,32,0,4,4.58,2.21,0,0,56,9.67,64
1.2698859931614306,3,2,9,2,0,1,13,2,2,1.07,6.76,1,5,80,3.74,19
2.3625959286878704,4,2,2,3,0,2,8,3,2,6.6,3.63,0,3,3,4.02,75
5.766030048855912,3,2,4,2,1,4,8,4,2,8.97,0.69,0,5,29,0.49,59
3.488586526754135,3,3,4,1,1,3,31,1,3,3.32,4.0,0,0,93,4.74,86
4.3004448449428505,5,2,9,1,0,2,21,4,3,4.51,1.47,0,3,30,5.05,95
9.266007610154409,5,2,6,3,0,4,23,5,1,9.28,1.07,0,1,69,8.74,99
2.9543913255726704,4,1,7,1,0,1,44,2,1,9.65,7.38,1,2,58,6.37,61
8.924173134610392,5,3,10,3,0,4,1,1,3,4.11,8.21,1,4,82,4.68,80
3.9896839069482017,3,4,3,3,1,1,48,3,2,1.79,4.49,1,3,70,1.67,59
1.7836357009251227,2,4,3,2,1,2,15,3,3,7.86,0.83,0,5,43,0.92,61
9.768208262877433,2,4,4,2,1,2,9,0,3,2.22,0.16,0,4,59,2.8,82
7.8346917439432335,3,4,7,3,0,4,7,1,4,7.3,6.68,1,4,6,0.34,34
3.8691758679239574,2,4,9,1,1,4,6,4,3,7.78,4.05,0,2,74,4.7,11
5.553020630803165,3,1,7,1,0,4,6,5,1,7.77,4.43,1,1,23,1.55,21
2.170817431955669,2,3,6,1,1,2,3,5,1,0.47,6.4,0,1,56,5.83,92
7.360111880544742,5,2,5,3,1,1,5,1,3,8.48,8.15,1,5,5,2.11,37
2.7126510410934404,2,2,8,1,0,2,4,4,2,2.46,2.22,0,3,26,0.85,69
1.2717338514148118,1,4,3,3,1,2,29,1,1,7.47,8.56,0,2,44,9.39,99
5.943131161096698,1,4,9,2,0,4,12,3,2,7.48,2.83,1,4,68,7.63,82
3.4860956937011585,5,1,4,2,1,1,15,5,3,2.16,5.17,0,1,47,9.12,64
2.6627208728887037,5,4,8,2,1,1,23,0,4,3.8,4.74,0,5,47,8.6,95
9.55234841113301,4,4,2,3,0,1,12,2,4,6.47,9.85,1,5,96,2.33,11
7.975757569927466,4,4,0,1,0,3,10,0,1,8.86,1.17,1,2,74,0.75,6
5.107699838008448,1,2,2,2,0,2,28,0,4,3.96,7.18,1,5,17,0.53,56
4.775523077133071,1,3,5,1,0,3,6,1,4,6.0,7.02,1,3,59,7.1,22
9.108931724649219,1,3,9,2,0,2,6,2,3,8.69,7.87,0,4,71,7.19,15
5.324896202084541,3,2,4,3,1,3,17,2,1,2.68,0.33,1,0,64,5.65,35
4.222568592424848,3,1,5,2,1,4,23,3,2,1.39,2.06,0,1,15,0.82,20
8.470788364691197,3,1,7,2,1,1,21,1,2,2.18,7.36,1,0,56,4.81,58
9.322456820392778,5,4,9,1,1,4,3,0,4,9.48,9.68,0,0,81,1.82,44
8.882269514487072,2,3,7,1,0,2,35,4,3,7.49,8.06,0,2,1,5.78,94
2.906055564811161,2,3,10,3,1,4,41,4,2,9.26,0.21,0,5,67,0.69,100
2.0362229308822206,2,3,3,3,0,2,27,2,1,7.41,3.61,0,4,67,3.78,71
3.896988471629009,5,2,6,2,1,2,40,3,4,6.87,4.58,0,0,48,9.18,88
2.7392302134814037,1,2,6,2,0,4,10,0,2,4.34,7.05,1,2,35,1.19,18
8.909762796875222,2,1,3,1,1,4,20,1,3,8.98,1.65,1,5,15,4.49,14
5.470505134900753,2,2,1,3,1,3,1,2,1,5.23,0.19,0,3,62,1.21,57
6.437964311112135,3,2,3,1,1,4,22,4,4,2.37,7.3,1,5,77,5.7,72
8.942655045951218,5,4,5,3,0,1,39,1,2,2.5,5.21,0,5,48,4.48,71
3.295121754865055,2,3,4,2,1,1,7,0,2,9.23,5.2,0,4,100,7.23,76
9.747040168233164,2,2,6,3,0,4,49,1,2,2.85,9.13,0,4,88,6.03,42
1.5511723336987,5,4,3,2,0,4,49,2,3,8.95,6.05,1,0,25,9.1,56
3.7518249044857646,2,3,4,1,1,3,45,4,1,0.11,2.61,0,3,74,8.83,85
7.7581131255091655,5,2,7,2,0,1,20,3,2,2.41,6.18,1,0,43,4.23,6
3.1184211290789157,4,2,7,1,1,4,40,1,3,6.7,1.32,1,4,98,5.68,98
4.16602574828554,1,1,4,2,1,3,50,5,2,6.82,2.93,0,3,98,8.37,52
7.067061249193247,1,4,0,1,1,3,34,2,2,4.64,8.4,1,0,92,3.18,31
1.0491406281444076,2,1,2,3,1,4,3,1,1,8.84,6.94,1,5,89,6.94,23
4.818785016231734,1,4,3,1,1,4,47,4,3,0.55,8.12,0,3,26,0.71,30
8.426633357605386,5,4,3,3,1,2,29,0,1,0.48,3.86,1,4,23,7.57,62
9.779680261615297,4,3,4,3,1,1,22,5,2,9.38,1.04,0,2,43,2.09,1
4.339063303668225,5,3,4,2,1,2,43,0,1,4.58,7.82,1,5,39,2.92,72
9.886101311223836,5,3,8,3,0,2,35,4,1,8.51,0.69,0,0,43,5.63,6
5.271876190501665,3,2,9,3,1,1,26,1,3,4.74,9.96,0,1,85,4.77,8
8.39134269902285,3,2,3,3,1,3,47,0,3,2.72,1.21,1,5,41,3.16,21
7.216327626693394,1,1,2,3,0,1,42,4,4,4.5,4.81,1,3,13,0.14,20
2.6716860666613274,3,4,0,1,1,1,17,1,2,8.87,3.5,1,5,36,3.62,18
6.335167894917835,4,1,10,2,1,3,14,5,1,4.42,5.74,1,3,14,8.75,51
2.2979403263218066,5,2,7,3,1,2,42,0,2,7.39,7.53,1,4,96,6.11,70
9.971684475036495,5,1,7,3,0,1,35,3,1,7.2,0.97,0,5,60,8.93,37
9.233609187424873,1,1,1,2,1,1,22,5,3,3.48,9.29,1,2,10,1.71,88
5.560304104013465,2,1,6,3,0,2,42,2,4,0.43,3.55,0,5,94,1.78,14
8.007095744150694,5,3,7,3,1,2,25,1,3,5.69,6.83,0,5,9,2.34,34
2.18634598896707,2,4,6,2,1,1,22,1,3,8.2,8.61,0,0,75,3.7,93
3.9306278115950772,4,2,5,3,0,2,40,1,1,8.85,1.62,0,2,73,1.94,87
2.9163231069465754,2,4,9,1,1,3,25,1,2,3.86,1.91,0,1,86,2.04,66
9.010476385784697,1,1,3,3,0,4,22,1,2,6.06,9.03,1,4,54,7.12,77
4.075773161716051,3,3,6,3,0,4,41,2,3,0.49,5.98,1,5,91,2.99,17
4.561837793805566,4,1,5,2,1,1,21,0,3,9.74,2.24,1,0,9,3.13,24
9.95927035504755,2,4,2,2,1,1,17,3,4,7.19,3.5,0,1,75,6.55,18
8.447425165254714,5,1,6,1,1,2,13,0,2,6.03,7.45,1,5,7,9.29,98
3.330468217675813,5,4,2,1,1,3,37,4,1,1.1,5.38,0,1,36,7.26,100
8.199957060622397,1,1,8,1,1,3,46,4,3,1.3,5.98,1,2,49,5.86,20
2.7123022611238916,4,3,2,3,0,3,17,0,1,1.55,5.49,1,5,9,7.1,15
2.201555806953523,2,4,1,3,0,1,0,3,4,1.84,9.94,1,1,12,9.2,21
8.949545287821493,5,2,5,2,0,1,15,1,1,1.95,3.01,0,1,42,3.65,91
7.094316396085037,2,1,7,2,0,1,2,4,1,8.8,0.16,0,2,50,4.9,48
5.849034696562269,3,2,3,3,1,3,45,0,1,2.97,3.26,1,1,22,0.67,42
1.2964778441365632,3,3,5,2,1,2,29,2,2,1.0,8.54,0,5,98,3.12,15
8.479604621516943,3,2,3,2,0,2,15,1,2,5.11,4.6,1,0,93,3.17,50
8.775098461717391,1,1,1,2,1,3,2,2,3,7.78,9.61,1,2,21,5.45,90
1.5081353635549637,4,1,10,2,0,3,6,3,2,6.65,2.39,0,0,33,4.02,17
8.643259349918196,2,1,9,2,0,3,32,5,3,9.55,3.72,1,5,95,3.08,72
4.473173699461743,2,3,2,2,0,4,27,1,4,0.97,9.8,0,1,47,2.74,75
8.595326792888242,2,4,3,3,0,1,8,5,2,4.16,7.99,1,0,58,0.11,9
5.082534348003965,5,1,1,3,1,1,14,2,1,7.37,9.23,0,5,85,2.38,39
4.514992745837717,3,3,6,1,0,2,29,5,2,6.78,5.74,1,2,44,1.95,91
5.557079765951275,5,4,0,1,1,1,36,5,4,1.87,8.31,1,1,48,5.48,81
2.291296358162414,3,1,3,3,1,2,39,4,3,7.39,7.13,1,4,79,5.36,19
6.131399943542936,5,1,10,1,0,2,17,1,2,9.65,9.76,1,5,28,3.44,10
1.2226784816069016,5,4,9,3,0,4,16,1,3,8.96,0.12,1,2,73,3.96,84
7.380722409327181,1,4,0,1,1,2,13,2,2,9.57,9.71,0,3,47,6.8,84
3.139810225052612,1,1,7,3,0,3,41,3,1,7.37,8.65,1,5,84,1.24,40
6.593061785165032,2,3,0,1,1,1,9,1,3,8.31,7.72,1,0,20,3.0,45
8.814076429923578,1,1,0,1,0,3,3,0,3,4.11,0.25,0,1,88,5.3,54
6.414358343850407,4,3,1,3,0,3,12,2,3,3.62,2.85,1,5,43,4.2,24
3.4827247982505165,4,3,7,3,0,2,40,2,1,1.71,7.58,0,2,49,4.8,86
6.775119173825825,2,3,10,3,1,2,34,3,2,4.81,8.38,1,1,60,9.13,25
2.7717363440450296,4,4,2,2,0,2,10,0,1,7.99,1.62,1,0,28,1.75,84
9.860329094138843,2,1,8,3,1,4,40,2,1,1.11,6.86,0,2,39,0.71,15
6.710383434051414,3,2,3,2,0,2,46,3,4,2.66,0.18,0,4,79,8.57,85
5.520796965276246,1,2,7,2,1,1,31,1,2,0.69,8.46,1,2,76,6.66,44
7.232066461086244,3,3,9,2,1,3,16,1,3,3.06,3.12,1,5,48,0.93,23
9.205029769188004,1,3,2,1,1,4,1,4,2,8.52,5.83,0,0,73,7.42,38
4.720473601694898,4,3,3,1,1,4,48,1,3,1.09,4.75,0,2,57,0.61,4
8.916508159893233,3,3,0,3,1,2,49,5,4,9.93,8.14,0,4,73,1.45,20
5.375933874608186,1,1,6,3,1,4,36,4,2,7.11,3.59,1,0,7,5.41,35
7.2891026898431495,2,2,8,2,0,4,36,2,2,1.5,6.09,0,3,60,3.96,50
6.486405743768409,1,3,10,3,1,3,30,0,4,4.33,7.83,1,4,73,6.49,74
5.3028460330324645,2,1,9,3,1,4,12,1,2,3.84,9.01,1,3,70,8.15,80
3.402702037516071,5,2,7,2,1,1,15,1,1,9.3,5.71,1,1,97,5.93,75
8.600552905566378,4,4,1,2,0,2,13,5,2,9.64,9.27,1,3,65,0.31,48
2.342859862131241,2,4,9,2,0,4,41,4,4,5.95,7.55,1,1,54,8.2,11
7.11268000962953,2,4,7,3,1,4,32,2,3,3.89,8.65,0,1,10,6.99,10
2.512114525956264,2,3,3,2,1,3,32,0,1,5.95,8.43,0,3,8,7.76,13
5.4762400195092145,1,2,0,2,0,2,31,5,3,6.37,1.08,1,2,43,9.65,70
7.605091671145386,4,2,8,2,0,3,22,4,1,9.59,0.38,1,3,52,8.77,45
8.069765729154868,5,3,7,3,0,1,14,4,4,7.35,2.77,0,0,32,6.65,87
8.097134307770341,3,4,4,3,1,1,40,2,1,9.68,4.9,1,1,8,2.37,48
7.866988276297797,4,3,7,3,1,4,26,5,1,0.51,9.66,0,5,25,3.45,92
9.001300295679417,3,2,2,1,1,1,49,3,4,7.37,8.54,1,3,81,0.92,18
5.94576576834022,3,2,3,1,0,1,8,4,1,6.22,9.14,0,3,76,9.06,74
7.779084636584486,2,2,2,3,0,1,21,1,3,6.04,1.9,1,3,28,8.07,100
2.328293174876202,1,1,6,2,1,3,40,2,4,1.64,4.22,0,2,23,8.86,65
4.085552294171675,5,1,9,1,0,2,33,4,1,3.13,2.22,0,1,25,5.8,76
2.0851546403067895,4,4,7,3,1,3,42,3,1,1.9,5.58,0,1,78,1.41,89
9.491268986055115,4,3,0,2,1,2,13,0,2,9.21,1.54,1,5,11,9.56,32
2.3046374824418017,1,3,1,2,1,4,9,5,4,4.96,0.48,0,1,43,3.77,6
5.179108229172103,5,4,0,3,0,1,43,0,2,5.66,7.53,1,0,27,0.41,27
6.479887501651152,4,3,5,1,1,3,15,5,1,7.2,5.59,0,2,80,3.7,72
7.711407216286277,3,2,6,3,0,3,40,1,4,5.58,0.12,0,2,13,9.46,68
1.5291659557802615,3,2,8,2,0,4,3,1,4,2.25,7.07,1,4,75,5.72,70
7.186714744088552,1,4,1,1,0,4,24,0,3,6.85,5.39,0,5,20,6.41,36
2.9248016726546937,4,3,5,2,1,1,29,4,2,2.06,5.4,0,3,2,9.63,45
4.977830400524423,1,3,5,3,1,4,39,2,3,5.84,6.0,0,2,99,5.35,79
8.007600430446479,5,4,6,2,1,2,35,3,1,9.29,4.24,0,2,81,8.15,26
4.89067833756075,4,2,1,1,0,3,7,5,1,3.67,0.26,0,1,95,8.12,34
1.8785460880296196,3,4,1,2,1,1,32,1,2,7.84,6.1,0,4,92,2.51,49
2.395579466098511,2,1,6,3,0,4,29,5,1,9.76,7.01,0,3,18,2.72,81
9.772733513954918,2,4,8,2,0,1,28,4,3,2.86,5.93,1,1,70,3.31,55
2.4325091251574626,1,2,5,3,0,3,6,5,1,6.32,8.98,0,5,60,8.99,31
6.1701276483931595,4,3,10,1,0,1,3,5,3,1.34,2.36,1,4,10,6.5,44
5.2186314566474445,2,4,8,1,1,1,23,1,4,3.76,7.09,0,4,82,0.41,57
6.009398567380706,2,2,10,2,0,3,3,2,1,1.97,2.0,1,1,48,6.65,57
8.869013368133778,5,1,6,2,0,2,20,3,2,1.25,9.16,0,0,86,2.47,33
7.595899286468427,2,4,4,1,1,2,43,2,3,8.75,3.02,1,4,25,6.44,69
8.51115119529051,2,4,6,3,1,3,15,1,3,5.66,5.13,1,2,15,9.68,39
1.278892814378458,2,1,4,3,1,1,16,1,1,1.75,1.65,1,0,14,4.98,46
6.92033656593001,5,4,8,3,0,4,21,4,3,3.03,2.51,0,3,6,4.74,97
5.552023909478702,1,2,3,3,0,4,12,3,1,7.61,6.27,0,5,98,8.26,26
9.659935715166878,2,1,2,3,0,1,7,5,4,9.07,7.95,1,2,38,6.54,28
2.967412464291639,3,4,6,1,0,2,23,2,1,5.61,0.58,0,1,32,9.97,98
3.025463044588636,1,4,3,1,1,2,25,5,3,9.71,3.22,0,0,22,1.39,35
5.49031384523299,2,3,10,2,1,3,31,2,4,4.8,6.73,1,0,94,0.55,82
7.686721413646568,4,3,8,3,1,3,1,2,1,7.21,7.64,1,4,86,6.53,91
3.8155284051525866,1,2,7,3,1,3,19,2,4,4.04,8.44,0,4,70,2.8,38
2.7402100477087457,5,2,6,2,1,4,5,0,4,3.3,0.59,1,3,56,9.55,83
3.4715268332704037,3,2,7,1,1,3,35,0,1,9.61,5.52,0,1,61,6.37,43
7.343979793232691,3,3,6,3,1,4,15,0,1,0.71,3.13,0,2,40,3.49,32
5.378083948650413,2,3,6,3,1,2,0,0,4,5.9,7.76,1,3,63,9.78,67
3.803680005567212,2,3,2,2,0,4,42,3,3,4.02,4.97,0,2,84,1.89,2
3.1443564977977023,3,3,0,1,1,3,37,3,3,1.22,6.85,0,5,40,4.24,6
4.9020581298256625,3,1,8,1,1,4,20,1,4,0.85,7.5,1,5,98,9.16,83
3.525564783798485,1,1,0,3,0,4,16,4,2,4.45,1.21,0,0,50,3.84,96
9.335509423025627,1,2,5,2,1,4,44,1,2,5.93,1.65,0,3,18,1.39,32
7.32325121356373,3,4,8,3,1,4,11,3,3,4.23,2.5,1,5,14,2.69,70
1.666437212663348,2,1,1,2,0,4,14,4,2,7.09,5.07,1,0,98,0.36,71
5.544239062445056,4,1,3,2,0,4,25,1,1,3.54,2.89,0,5,6,7.86,100
4.786456822740167,1,4,10,3,1,4,38,0,2,1.58,7.56,1,2,20,3.95,34
4.042872095427709,2,4,5,2,1,4,7,2,4,9.99,5.3,0,0,92,6.67,22
6.399013679147085,2,3,2,3,0,4,34,0,3,3.59,2.81,1,2,44,3.64,60
8.337656878268586,5,3,8,3,0,4,33,2,2,9.36,7.45,1,5,43,4.38,44
3.1050087163878857,2,1,5,3,0,1,47,5,1,1.3,1.83,1,4,96,3.14,4
3.304881362883668,3,2,1,1,1,4,30,0,3,8.15,2.95,0,3,67,5.39,55
8.33508300950751,2,3,7,1,1,2,43,4,3,5.45,5.28,1,0,7,6.4,51
5.306063482427513,3,3,1,3,1,2,32,1,4,0.61,5.15,0,5,11,1.05,42
1.033772779265826,2,1,7,3,1,4,8,0,4,6.19,9.92,1,1,61,9.05,68
8.356094088365651,3,2,0,1,1,1,12,5,3,6.4,1.12,1,1,4,5.34,52
2.282746597126512,2,4,8,2,1,3,12,0,4,2.58,8.76,1,0,94,5.94,36
7.196597917675147,3,4,2,2,0,3,26,4,2,6.11,3.04,1,1,73,8.71,92
8.848191809856534,1,4,4,3,0,2,3,0,1,5.08,2.92,0,4,97,8.44,83
9.937751994457662,4,4,10,2,1,1,32,0,1,8.58,4.12,0,0,56,6.18,36
3.6801751275723813,1,4,6,3,1,3,0,3,2,1.76,9.82,0,1,35,3.86,62
4.766371497929991,2,2,4,3,0,2,24,0,2,9.45,2.54,1,0,82,3.55,78
4.784979547210667,4,4,3,1,0,3,49,1,3,1.98,0.65,1,3,37,6.87,90
1.3620543011763808,3,2,2,1,0,3,24,2,2,6.31,5.44,0,2,53,3.31,29
4.865558033946654,5,2,2,1,0,3,7,5,1,8.46,5.9,0,0,70,6.83,33
9.820041490791555,5,3,7,1,0,2,33,5,4,3.81,5.03,0,2,57,8.61,30
1.4744551416698586,3,1,9,1,1,4,39,2,2,0.56,2.93,1,2,60,4.43,56
5.5066367921969475,1,2,1,2,1,1,46,4,1,9.92,7.98,1,0,80,3.51,17
6.371214118355615,2,2,6,1,0,1,4,2,3,2.61,4.14,0,0,25,4.68,10
1.9786316129820074,4,4,7,2,0,4,44,2,1,2.76,2.42,0,2,25,2.24,96
5.0338865468367375,5,1,8,3,0,2,15,0,3,3.75,6.83,1,3,2,7.67,17
8.997427363528235,3,4,3,1,0,4,17,2,1,8.65,8.93,1,4,37,4.36,82
9.065200347099205,1,4,9,3,0,2,18,4,4,4.37,3.47,1,1,90,0.47,30
1.1503169842193914,1,1,2,1,0,2,4,0,3,6.81,3.53,1,0,31,6.86,65
1.0362584732773223,2,3,3,1,1,1,0,3,3,8.24,4.58,1,1,0,5.44,32
9.078903508695381,3,1,7,2,1,2,11,2,1,1.45,1.96,1,1,59,4.55,55
4.652453994815296,3,2,7,2,1,2,36,4,1,7.83,7.43,0,2,5,9.2,31
4.945689766908076,1,3,4,3,1,2,7,4,3,7.48,8.79,0,1,79,1.9,67
2.6401929586850117,3,1,7,2,1,1,33,1,1,7.39,8.15,0,0,37,8.19,70
8.172832331619095,2,4,4,2,0,3,24,1,1,6.31,3.95,1,2,62,5.64,20
1.3380515612574189,2,1,6,1,0,1,33,5,4,8.05,4.56,1,1,79,2.17,2
7.990497792067059,3,4,4,1,0,4,11,1,4,0.32,7.3,0,5,32,8.16,73
3.354413709909832,2,3,0,1,1,4,16,2,2,0.91,8.03,0,2,80,9.86,10
2.5955524573627526,1,3,1,3,1,1,0,0,1,2.24,2.75,0,0,82,3.01,60
5.262070702731933,3,1,10,2,0,1,38,1,3,4.37,4.31,0,2,45,0.54,67
5.9358237328104995,1,3,3,1,1,1,26,4,1,1.38,5.54,0,1,29,2.72,48
2.001780042143295,5,3,7,3,0,3,17,4,4,1.96,8.08,0,3,38,1.31,24
9.473239119597487,5,3,0,2,0,2,24,4,4,4.78,7.45,1,2,65,0.85,22
8.804335298082744,5,2,2,1,1,4,44,3,2,5.29,0.67,0,4,5,6.45,79
8.35425556461921,2,3,5,1,1,1,0,0,3,7.22,1.4,1,5,35,6.95,23
4.69064839152931,5,3,1,1,1,4,37,0,4,5.19,3.82,1,4,0,3.5,55
1.632191134457281,4,4,8,3,1,2,5,2,3,8.56,3.32,1,5,89,8.87,25
8.416072211244934,2,2,0,3,0,4,12,4,3,8.13,7.07,1,0,48,1.98,22
1.4507224757203139,1,2,1,1,0,4,45,5,1,0.68,3.99,0,2,91,4.76,45
5.43332406824407,5,3,4,2,0,2,6,2,4,7.78,6.85,1,1,54,1.03,50
9.479961485796926,1,1,10,3,0,2,45,2,2,0.7,5.96,0,4,6,2.49,63
2.9657495958480893,2,3,2,3,0,3,32,4,1,5.02,8.39,0,1,0,6.17,37
4.448540606222859,2,2,0,2,1,2,30,1,1,5.98,3.45,0,4,83,9.79,8
4.802225459508563,5,2,3,1,0,2,37,2,1,9.73,7.75,0,1,13,5.85,8
5.341819803297447,5,1,7,1,1,1,14,3,1,2.26,2.85,1,1,41,9.58,30
3.351105544309747,3,4,6,1,0,1,26,4,2,9.69,2.14,0,5,95,7.67,43
2.380750522555239,1,4,8,3,1,4,3,2,2,2.64,7.05,1,3,37,0.22,62
3.2532328718639927,2,4,6,2,1,1,24,2,4,9.31,7.92,0,0,53,0.52,87
6.764091114128482,3,2,5,1,0,2,49,5,2,8.11,3.32,0,3,16,3.69,84
9.07869873404301,1,1,7,2,0,2,45,5,3,5.95,3.56,1,3,84,9.34,3
7.40033912845373,1,3,5,2,0,4,14,5,2,3.5,9.22,0,4,62,1.89,40
5.313522011783587,2,4,2,1,1,1,9,3,2,4.33,2.05,0,2,42,3.44,64
1.3147171561382942,3,2,1,3,0,4,22,1,4,9.49,1.43,0,0,61,2.22,34
3.5361364448441734,2,2,8,3,1,2,32,1,2,0.89,4.04,1,3,12,4.86,14
4.330416770870089,3,4,4,2,0,3,33,5,1,7.93,8.81,0,4,32,9.73,97
1.0582252016888114,5,2,5,2,0,1,22,0,3,9.41,6.09,1,2,41,7.9,96
2.8164000798867193,4,2,4,1,0,3,0,0,4,8.4,8.32,0,1,68,0.43,27
4.578966376450842,2,3,7,3,1,2,1,1,3,0.65,0.96,0,3,95,1.82,55
9.961481836987844,5,4,4,2,0,1,5,4,3,3.99,2.08,1,1,84,4.46,73
7.492948722517669,4,2,9,3,0,3,23,5,2,2.53,9.97,0,0,13,7.5,89
7.13754966609642,2,3,5,3,0,1,36,4,1,0.94,7.05,0,0,100,6.17,75
8.936233764617713,4,2,6,1,1,1,34,1,1,1.03,9.09,1,4,97,1.69,73
3.9755143042097765,1,2,1,3,1,4,45,4,1,2.87,9.48,1,2,64,5.25,48
2.399153176919671,5,1,0,3,1,2,18,1,4,2.66,1.95,1,0,64,7.14,67
5.436159147110844,4,2,6,1,1,3,6,5,3,7.28,6.47,0,4,20,5.75,11
2.2807876521506554,2,1,10,2,1,4,10,4,4,3.15,9.43,1,1,91,5.7,65
5.075333681088839,1,2,4,2,0,4,8,2,1,4.09,5.75,1,3,52,4.01,34
4.735823475220683,1,2,7,3,0,3,25,2,2,6.09,5.03,0,1,28,7.14,28
1.5780302191932913,1,4,10,2,1,4,6,5,4,5.17,4.48,0,5,66,5.8,91
7.791474402797421,2,2,4,3,1,1,46,5,4,5.92,5.85,1,2,50,8.31,25
2.6441458149919326,3,4,6,2,0,2,39,5,4,0.77,0.91,1,3,90,9.48,81
5.574520560589986,1,3,3,3,0,4,24,3,4,5.96,6.8,1,5,80,3.17,84
2.6873491959038964,2,3,6,1,0,3,19,5,1,0.55,6.8,0,1,2,3.14,35
1.9302061553685266,3,3,1,3,1,3,4,1,4,7.39,9.36,1,2,19,4.88,96
2.144080154358958,2,1,7,3,1,4,3,5,3,3.36,3.77,0,3,3,9.14,57
2.3318382557002852,1,2,9,3,0,4,12,2,3,10.0,8.2,1,5,92,9.77,49
8.921931661088077,4,3,2,2,0,3,28,5,2,2.04,0.72,1,1,16,3.79,2
8.291767524522957,3,3,3,2,1,2,7,0,3,2.65,7.6,0,2,17,0.54,8
5.8118667023909,1,3,2,2,1,1,34,3,3,4.62,0.37,0,1,43,3.8,37
5.604174257453762,1,3,10,2,0,1,27,0,2,1.8,1.25,0,1,24,2.48,96
8.74380715086593,4,3,1,1,1,2,9,2,1,3.44,4.59,0,1,14,4.1,74
5.783638316378041,1,3,3,3,1,2,35,4,3,7.85,4.21,0,2,85,7.57,64
6.947003500740749,4,2,3,3,1,2,19,5,4,5.7,1.51,1,0,44,1.57,32
3.5237323233445843,3,4,1,1,1,2,23,5,3,9.89,9.91,0,1,50,5.07,29
9.975492011546223,5,3,5,1,0,3,16,2,2,6.29,2.75,0,1,8,9.48,28
5.627139506697935,3,1,3,2,0,3,7,0,3,7.41,4.32,0,0,6,1.0,44
9.426162835045574,4,3,7,2,0,4,35,4,2,3.51,5.43,0,4,80,7.36,9
4.094056189759863,4,4,10,2,0,1,29,1,4,0.57,2.37,0,3,77,3.45,78
2.572439178497979,3,1,1,3,0,4,18,4,4,2.78,3.36,1,3,43,3.95,72
1.5177277599856585,3,2,2,3,1,2,23,3,1,9.98,8.53,0,4,89,3.62,93
8.56535774220817,4,2,3,3,0,1,1,4,4,8.33,6.94,0,2,63,6.07,27
4.644068502805732,4,2,7,1,0,1,37,0,1,7.69,8.39,0,2,72,6.05,18
8.431048446271262,5,1,0,3,1,1,25,4,3,4.7,3.59,0,2,99,1.46,63
9.78130909006575,4,1,3,2,1,3,17,5,1,7.32,8.23,1,0,1,4.22,51
3.4097044255609346,3,4,3,2,1,4,18,4,1,4.59,7.11,1,4,95,1.56,28
5.1104981911265845,3,3,2,1,1,2,30,5,2,3.44,9.49,1,1,39,4.39,37
1.9220256794587414,3,2,10,2,0,2,9,5,2,8.08,4.42,1,2,76,8.54,91
3.2501624538795877,1,3,4,3,0,1,10,2,1,0.37,3.15,1,2,67,0.7,16
9.611744533086407,2,2,5,2,1,4,32,1,3,0.39,5.22,1,0,45,2.16,6
2.4791314601929075,5,3,6,2,1,2,9,0,4,2.75,3.19,0,1,46,4.42,52
2.0349061791364527,5,3,5,2,0,2,4,0,2,5.08,1.77,1,5,88,9.1,13
9.869505028592593,3,2,0,1,1,2,7,3,3,6.2,9.8,0,3,98,7.16,100
3.5315921632386527,4,2,10,1,1,2,45,2,3,0.25,5.13,0,5,68,8.04,8
7.026438663095205,2,4,0,2,1,3,26,4,2,3.87,9.5,0,4,36,3.52,93
1.3157903219394236,5,3,9,3,0,1,2,5,1,4.06,6.04,0,3,65,5.43,69
2.7932706133846956,3,1,0,2,1,1,8,3,4,3.48,7.72,1,2,49,5.49,75
2.8441340142311335,3,3,0,2,1,1,27,0,3,6.13,2.94,1,1,95,0.83,58
2.667613638433828,5,4,2,3,0,4,16,3,1,1.19,2.41,1,3,11,4.62,25
2.574821491255797,3,4,7,1,1,2,35,0,3,8.93,0.18,0,2,78,5.53,28
3.8202877857050197,5,4,7,3,1,4,28,3,2,6.09,8.96,0,4,59,6.86,87
6.337678787350821,4,1,9,2,0,4,30,2,1,9.52,5.25,1,5,95,8.04,7
8.375661298785715,3,2,8,1,1,4,14,3,3,6.67,3.63,0,3,41,0.28,74
8.571329432222118,3,2,5,2,1,2,14,4,3,7.42,2.46,0,4,4,4.04,85
4.379680187269901,5,1,1,3,0,1,49,1,1,5.01,0.71,0,1,85,9.14,39
8.848475929201076,1,4,0,3,1,3,15,3,4,0.51,7.05,0,3,50,2.84,12
5.037876649230701,1,3,4,1,0,1,32,3,4,2.51,6.43,1,3,84,4.38,12
7.138316363036664,3,2,9,1,1,2,44,3,2,8.89,0.74,0,3,61,0.52,2
8.553102627864067,2,1,2,3,1,3,9,3,4,3.19,3.79,1,3,75,2.01,48
9.32347534010349,5,4,0,3,1,3,34,1,4,1.88,0.45,0,1,23,4.73,45
4.902517594548974,5,3,0,3,0,3,35,3,4,2.21,8.72,0,4,44,3.41,54
5.125771920263592,1,2,3,3,1,4,23,4,4,0.2,0.29,0,1,2,0.73,98
4.311476455962505,4,1,1,3,0,4,24,0,1,4.29,2.73,0,3,82,5.91,58
8.162385138141865,1,1,9,2,1,3,26,5,4,9.94,2.93,1,3,6,0.21,73
4.598296686941451,4,1,1,2,0,4,0,1,3,2.52,4.19,1,3,45,3.63,62
4.125756599424497,4,1,9,1,1,3,42,2,1,6.65,9.19,1,2,17,6.7,39
5.694168671533091,1,4,10,1,1,1,41,5,4,3.01,6.36,1,3,4,0.16,45
2.5233678669684374,2,3,5,2,0,1,39,2,4,0.69,7.89,1,2,13,3.34,98
1.04375201880648,4,4,10,2,0,2,6,3,3,3.85,7.28,1,4,62,3.4,50
6.057484687876811,1,2,4,1,1,2,4,1,3,3.45,5.73,1,0,2,8.1,62
4.545963454783917,5,4,4,2,1,3,19,0,4,0.22,3.44,0,2,20,9.41,12
7.8441595926279755,3,1,3,1,1,1,40,1,3,9.92,3.4,1,4,13,8.54,37
8.48660694394167,1,1,10,1,0,2,25,3,2,5.88,9.87,0,3,19,9.34,100
9.690346610748435,2,4,4,1,1,4,1,3,1,9.77,4.96,1,4,74,9.6,95
2.9745871587723163,1,2,1,2,0,3,29,2,4,0.15,3.76,1,4,42,9.16,3
2.8402547323963105,2,3,1,3,1,3,6,5,2,7.56,5.44,1,1,7,2.68,87
7.345474106259762,5,1,1,2,1,3,8,2,3,9.88,5.25,0,4,43,4.58,87
3.8672149624577563,3,4,4,2,1,2,37,3,1,6.49,3.08,0,5,68,0.76,16
9.6096175149335,3,2,5,3,1,4,9,2,3,1.92,9.94,1,0,50,9.11,96
7.585984560911029,5,3,0,2,1,3,48,4,2,5.94,5.27,1,4,54,9.55,67
6.941351210813321,1,1,3,1,1,3,42,3,4,6.37,3.06,1,4,15,3.82,77
9.868700918517694,2,2,5,1,1,4,3,2,3,7.64,9.17,1,5,42,7.48,17
9.784688193645923,2,3,9,1,0,1,23,2,4,1.55,4.2,0,2,33,4.88,98
5.851936475011417,4,2,6,2,1,1,47,2,3,8.99,7.63,1,2,13,6.32,10
5.6393942401815496,2,2,3,2,1,3,7,5,3,3.14,0.15,0,2,31,7.47,14
1.0154816360133883,3,2,3,2,0,1,27,5,1,4.07,0.27,1,3,97,1.16,55
5.915696093517966,4,4,7,1,0,3,23,5,3,7.55,6.59,1,0,34,6.27,36
3.171062212514557,1,2,2,3,1,3,36,3,3,6.11,3.95,1,3,75,7.83,8
7.59721589998156,4,4,2,3,1,3,25,0,2,4.21,8.39,0,2,33,8.6,31
7.133290621901809,1,2,7,1,0,1,25,0,1,9.97,9.34,0,2,38,6.4,22
5.670517805556262,4,4,10,2,1,1,31,3,4,4.84,2.18,1,0,33,9.04,86
5.107002540348358,4,3,4,1,1,1,26,2,3,1.8,8.85,0,2,18,4.23,48
9.315055705622882,3,4,8,3,1,1,40,1,3,1.45,7.73,1,5,81,2.16,12
5.918527617607548,2,3,7,1,1,2,5,0,3,4.98,0.26,1,3,17,1.49,87
7.211051950748492,3,3,9,3,1,2,46,4,4,9.22,1.31,1,1,47,6.83,57
3.7692767226518855,4,2,3,3,0,4,1,3,1,7.91,2.57,0,1,84,2.7,52
7.968002159316653,1,4,3,3,0,4,42,5,1,2.49,2.97,0,0,29,4.91,81
5.928663844722829,1,2,7,1,1,4,26,1,3,9.54,8.89,0,2,58,9.79,61
5.865988429155637,4,2,2,1,0,1,11,3,1,5.11,9.91,1,3,37,7.51,85
2.691211833447756,3,3,8,1,0,3,26,1,4,0.23,8.84,0,3,41,8.94,95
3.584530237206378,4,2,9,2,1,1,33,2,1,6.16,8.56,0,1,80,3.57,61
2.920667857378101,3,1,2,3,1,2,3,1,3,8.62,8.73,1,5,69,3.1,70
8.210505313264278,4,2,4,3,1,3,21,4,3,8.13,4.05,0,1,45,4.88,54
6.7219557860401675,4,4,8,3,0,2,21,5,1,2.53,1.87,1,4,46,6.25,59
9.799477516152107,3,1,8,1,1,4,18,0,2,0.85,7.97,1,2,73,8.84,19
2.5831092108988774,5,1,6,3,0,3,11,5,2,7.1,0.44,0,5,68,1.58,56
3.62972169724152,1,4,5,3,0,1,0,1,2,2.18,0.35,1,5,15,4.18,33
3.611383723443371,4,4,9,3,1,3,20,0,2,1.58,0.2,0,0,7,8.54,76
3.9088616945345076,2,4,3,3,0,2,28,4,4,8.77,7.82,0,2,15,5.16,25
1.2946784770014537,3,2,0,2,1,1,11,4,1,5.3,6.92,1,4,69,9.42,75
9.780738949858932,3,2,7,1,0,1,46,1,4,8.25,2.4,0,0,54,1.42,99
4.281403216845399,1,2,1,3,0,1,46,3,1,4.32,2.45,0,2,21,2.33,50
8.551017487473839,1,2,6,2,0,3,11,2,4,7.83,5.55,1,1,68,4.57,77
2.9652003707208716,5,1,8,3,0,1,32,2,4,0.46,4.59,0,3,45,6.15,36
7.907909152011087,4,3,8,3,1,2,9,1,2,5.28,9.28,0,1,6,8.19,51
9.090470136775378,2,1,6,3,1,3,50,1,2,2.83,2.8,0,1,64,7.96,2
6.380523562409866,1,1,0,1,1,1,47,1,4,5.62,5.62,1,0,59,3.11,20
3.8460918674540747,3,2,0,1,1,4,27,5,2,4.08,6.9,0,1,81,1.24,74
2.164477444931184,2,2,8,2,0,3,41,5,2,0.68,9.07,1,5,3,3.54,10
5.778895991319212,4,1,6,1,0,1,15,2,3,6.08,2.1,1,4,44,9.98,45
3.1284542470918173,1,3,6,2,1,2,31,2,4,5.16,6.72,0,5,60,4.28,23
4.5370750072852815,4,2,6,2,1,1,17,4,4,8.7,7.34,1,1,67,9.57,48
3.1803197641199628,1,3,10,2,1,4,24,2,4,2.53,3.35,1,3,94,6.48,69
1.8121284850080948,4,2,4,1,1,2,19,3,1,9.68,2.1,0,1,96,4.93,10
7.133992171754871,4,2,9,3,1,2,50,5,1,4.49,2.75,0,4,70,9.44,63
1.6555248382976013,2,1,6,1,0,3,46,0,2,3.39,9.25,1,4,65,4.95,64
9.728584509627888,4,1,3,2,1,4,3,5,3,4.88,3.2,1,2,0,5.46,76
2.4531312212008847,3,2,5,2,0,4,7,2,1,1.35,0.32,1,2,23,2.99,58
5.093475050104627,1,3,2,1,0,1,30,3,2,3.58,0.99,0,2,37,7.32,74
8.20442714337306,1,1,6,2,1,3,17,1,4,2.6,1.55,0,5,41,3.83,77
7.496323248533555,5,2,9,1,0,4,22,5,3,0.75,9.15,1,2,40,2.21,15
3.66211555693498,3,1,10,3,0,3,22,4,4,0.21,2.52,1,5,6,9.23,66
5.9167216144046915,3,1,8,1,1,4,49,2,4,9.26,2.26,1,4,92,1.37,49
4.3803744066680785,4,3,9,1,1,3,29,1,2,1.14,4.14,0,3,7,7.58,52
2.284679612530832,1,1,10,3,0,3,49,3,3,7.53,7.97,1,0,83,3.57,73
3.994988871639912,3,3,5,1,1,2,35,1,3,8.4,3.78,0,1,47,6.44,44
8.42123943816792,1,4,3,3,0,3,26,2,2,9.51,9.62,0,4,88,3.06,41
8.941293368664397,2,4,4,2,1,3,3,1,4,3.38,4.35,1,5,86,1.37,92
2.368406380922645,4,4,4,2,1,3,45,4,4,8.7,4.68,1,5,53,7.05,52
5.741899567675725,3,2,10,1,0,1,43,3,1,6.61,1.62,1,4,36,3.06,73
5.902020797745129,3,1,2,3,0,2,5,5,4,9.44,2.87,0,5,39,6.48,20
3.1394089776687193,2,1,8,1,0,1,45,3,4,2.59,3.5,1,1,73,7.03,77
9.269120270946395,2,3,1,3,1,2,17,4,2,9.56,7.64,0,2,90,6.87,14
8.694028601641758,1,4,0,3,0,2,50,5,4,6.6,7.93,1,3,77,7.35,9
4.642829439290835,4,4,9,2,1,2,38,0,1,2.07,8.67,0,5,64,0.24,41
8.466479871620546,1,1,4,1,1,3,4,4,3,2.92,1.44,0,2,72,5.49,70
6.4051387831590505,2,4,5,2,0,2,33,5,2,6.29,4.77,0,4,39,2.75,81
2.9307012134480095,5,1,2,1,1,3,19,3,3,6.95,5.61,1,4,33,3.35,18
9.690616125390038,2,4,8,3,1,4,46,4,4,9.75,9.53,0,2,81,0.25,49
3.1010727334521873,1,3,5,3,1,4,40,0,4,6.56,5.94,1,1,62,0.68,92
7.5191109444189195,2,2,1,1,0,1,19,4,4,1.58,3.7,0,2,67,8.06,25
8.178115100586059,4,2,0,2,0,4,17,3,1,7.81,4.74,1,0,87,5.22,80
1.3893833297998228,2,3,1,2,1,3,12,1,4,2.53,5.94,0,0,31,9.98,92
5.294936304202642,5,3,3,2,0,2,47,5,3,1.38,4.67,0,5,9,0.1,3
2.64569795168195,4,2,4,2,1,4,21,1,1,1.14,5.96,0,5,67,9.01,68
6.966448925730932,2,4,0,1,0,2,22,2,1,3.61,0.84,1,4,94,3.01,98
3.8028160691902677,4,3,10,3,1,3,35,4,1,5.38,9.16,1,4,33,9.21,20
2.344057054823855,1,2,8,3,0,1,36,4,2,6.26,7.28,0,5,87,6.79,56
5.011413751245246,4,2,4,1,1,4,20,3,4,3.79,2.12,0,5,69,8.03,97
1.3565283826465244,4,3,4,1,1,4,43,3,4,8.31,3.17,0,5,35,0.56,21
1.2113709886689814,3,2,0,1,0,2,25,1,4,9.97,5.53,0,2,73,8.11,26
4.5507050842698185,3,2,6,1,1,4,34,0,2,1.84,0.52,1,3,87,3.03,24
2.6977128679459486,4,3,10,2,0,4,18,5,4,1.33,3.33,0,5,11,9.27,14
1.5615967910587674,1,2,10,3,0,4,22,0,4,1.63,6.24,1,4,89,0.87,58
3.424501373846436,4,3,5,3,0,3,18,2,3,5.29,5.56,0,4,14,4.18,28
8.384050811520275,2,2,1,1,0,3,46,5,4,0.56,7.37,0,3,93,6.27,91
6.362265351175809,3,1,6,2,1,4,21,3,3,9.81,7.79,1,1,30,1.22,71
1.7613959140886917,2,2,8,2,0,1,3,3,3,0.19,3.71,0,2,14,7.44,3
7.6794600737402,4,3,1,1,1,1,41,5,3,9.76,3.84,0,3,26,7.11,44
6.366521375142916,1,3,7,3,0,3,40,3,1,0.11,6.66,1,1,63,8.88,45
5.730604941390746,2,1,3,1,1,4,0,5,1,6.28,1.75,1,4,2,0.11,99
5.550439610509391,1,3,5,1,0,4,28,3,3,5.21,9.31,0,5,22,9.32,47
2.6354477595209564,4,4,7,3,0,4,19,5,1,4.22,2.68,1,3,57,5.89,95
6.918735235614669,4,1,10,3,0,3,32,2,3,4.17,1.21,1,1,68,3.68,8
9.432679261500367,5,4,9,1,0,3,14,2,1,8.2,9.75,0,4,34,8.96,6
3.3526936378925405,1,1,2,1,0,2,17,3,1,7.39,5.98,1,1,76,4.61,31
7.529839545177444,4,1,0,3,1,4,37,2,1,9.27,6.7,1,4,6,6.7,27
1.646358064075438,2,2,3,2,1,4,20,3,3,0.99,3.04,0,1,15,5.63,50
1.9704756555244027,4,2,10,2,1,2,7,3,4,5.32,6.89,1,2,78,8.94,4
6.911084225556182,1,4,1,3,1,4,47,4,1,4.17,0.79,1,4,58,1.77,4
7.397449932746381,5,4,2,1,1,1,25,4,4,4.37,5.7,0,3,45,6.87,27
5.889803689568505,4,2,6,3,0,2,29,4,2,3.11,3.03,0,0,64,4.34,6
4.796204308433946,5,2,3,2,0,3,16,3,1,3.22,6.59,1,1,66,2.49,80
3.331633477471861,3,4,3,2,0,1,15,1,4,8.4,2.91,0,0,19,0.49,58
2.7704279422756737,1,4,10,2,0,4,0,3,4,1.28,1.23,1,2,77,7.46,18
4.720311913177055,3,2,1,2,1,2,6,4,4,4.58,3.99,1,5,3,2.89,96
6.109069880075056,2,1,0,3,0,4,13,3,4,3.6,3.32,0,3,37,1.86,96
1.6520687139843662,2,4,0,1,1,1,2,0,4,3.61,5.38,0,1,81,3.19,91
7.939994472846224,3,2,6,1,0,2,7,3,4,9.06,7.69,0,0,56,6.2,58
4.656851527706449,3,4,8,3,1,2,16,2,2,9.21,5.36,1,4,85,2.61,43
7.911202045840346,3,3,10,3,0,4,50,1,2,3.17,0.12,0,2,57,1.23,90
7.89307748261502,5,2,2,3,1,4,45,3,3,7.68,7.12,0,1,54,5.82,58
1.8100764811491894,3,4,0,1,1,4,43,3,2,5.73,3.77,1,3,87,4.13,17
7.854919508309351,2,4,6,1,0,3,16,3,1,4.97,8.34,0,1,43,1.33,1
2.9512002875669934,4,2,4,1,0,1,43,0,2,3.09,1.84,1,4,77,1.61,22
5.19662903824429,5,3,10,1,0,3,46,5,3,4.95,9.17,1,5,92,2.65,68
3.518474768786427,5,4,2,1,1,2,9,1,3,0.51,8.29,0,2,89,2.87,23
8.097595520005294,2,4,2,3,0,3,47,1,2,2.66,5.09,0,1,17,5.83,21
3.894384574295563,4,1,10,1,1,4,19,4,3,6.66,5.13,1,3,87,5.65,52
8.292014942852045,5,3,10,1,1,3,25,1,3,6.97,6.4,0,4,27,9.76,33
7.115598366294524,4,2,10,3,1,4,28,5,1,8.42,6.23,0,5,10,9.57,28
8.157742200542934,1,1,6,2,0,3,44,0,2,1.72,6.38,1,0,34,7.3,96
7.041122867677771,2,1,6,1,0,3,11,5,4,8.3,5.06,1,3,16,8.56,30
8.130601655729699,4,3,3,2,0,1,25,0,3,9.14,9.97,1,2,29,4.2,57
6.3522196114698986,2,2,5,3,1,3,11,5,4,6.28,8.04,0,4,94,6.38,55
7.59876253707168,3,3,7,3,1,3,42,4,3,2.99,2.03,0,2,16,0.45,20
7.975542478939574,4,3,5,1,0,4,20,1,3,6.08,2.43,1,5,23,7.86,1
5.476384329109485,2,2,6,3,1,4,35,1,1,5.83,0.54,0,1,97,9.32,53
3.281374221819319,3,1,2,2,1,1,17,5,2,6.56,6.79,1,5,20,9.36,60
5.9755140448905815,2,4,3,1,1,2,12,3,2,3.03,0.39,0,5,17,5.06,22
2.3693434643029807,1,2,7,1,0,4,45,5,4,8.15,7.88,1,3,91,4.22,48
9.687010619682985,2,2,6,1,1,1,25,1,4,5.86,8.05,1,0,10,0.27,85
4.397032075574475,3,1,10,1,0,3,10,4,4,0.82,4.63,0,5,38,3.23,22
8.82033204416228,5,2,6,1,1,3,26,0,2,3.0,1.38,0,0,93,1.66,19
5.630194215062604,1,4,6,3,0,3,31,1,3,2.16,7.63,1,3,72,1.02,7
1.4059551668193309,5,1,0,2,0,1,8,3,2,9.41,3.26,0,4,92,9.13,92
6.912178268090195,3,4,8,1,1,1,42,1,1,4.92,3.97,0,0,1,1.81,73
2.5535033576526414,4,1,2,1,1,1,2,2,3,3.61,0.58,1,3,1,1.12,91
1.386037699208176,1,4,0,3,1,3,29,4,2,7.39,2.43,1,0,54,1.82,36
9.702467691913018,2,1,4,1,0,4,22,2,2,4.71,4.48,1,5,5,8.38,67
8.903507756581543,3,2,10,3,1,4,32,1,1,3.76,3.87,0,2,38,4.67,37
4.4740545453517235,1,3,7,1,0,1,21,2,4,7.37,9.01,0,5,60,2.24,86
2.9575020093530284,2,3,9,2,1,1,34,4,1,7.21,7.28,0,2,79,9.85,88
6.5423170428890085,3,3,9,2,0,4,30,5,4,9.17,2.59,0,3,59,4.17,32
7.093944304108043,1,1,6,3,0,2,37,3,2,9.95,3.03,0,0,51,0.56,24
3.0990445920602103,4,2,4,3,0,3,26,3,4,9.96,2.35,0,5,91,1.41,61
4.226177816753729,5,4,5,3,1,3,8,4,2,3.81,1.79,1,0,57,2.47,43
5.413422790061805,3,2,3,3,1,1,27,5,3,6.05,6.78,0,4,23,9.73,49
7.018165290836681,1,1,0,2,0,4,39,3,1,2.02,0.34,0,0,15,9.22,70
7.329646318885992,4,1,5,1,1,2,4,5,3,0.27,2.12,1,0,40,8.74,85
8.370245540245056,1,4,1,3,1,4,22,2,1,4.28,3.5,0,5,61,9.45,55
2.6672923954742913,3,3,8,2,1,3,21,0,2,3.07,8.89,1,0,2,9.9,22
8.227210965179161,5,1,9,1,1,3,6,2,3,1.58,0.16,0,3,7,3.87,49
9.101763215831431,3,1,5,1,0,2,47,2,3,6.75,0.86,1,4,16,8.1,42
6.177162587337047,5,3,2,3,1,2,1,3,1,8.82,5.77,1,5,97,5.23,37
2.0005190474548273,5,4,9,1,0,4,15,5,4,8.84,7.85,0,4,64,7.74,8
1.4375286024755465,4,1,5,3,1,2,25,5,3,5.53,7.26,1,0,79,9.49,2
9.445540200394728,5,4,1,2,0,4,35,2,1,9.2,1.48,0,0,100,7.19,88
5.680863459209615,3,2,2,2,0,2,46,1,2,7.35,5.49,1,0,95,7.72,31
8.911313356508108,3,2,2,3,1,2,35,3,3,6.84,2.11,0,0,32,4.82,60
7.16828305415795,1,4,4,2,1,1,16,5,2,2.27,8.58,0,1,56,5.76,27
5.419727129867745,1,2,8,1,1,2,17,3,4,3.58,2.15,0,4,41,3.4,5
4.38495952054501,5,4,10,1,0,4,16,4,4,6.41,9.88,1,3,13,5.81,85
2.9704411515596836,2,3,1,2,0,1,29,5,1,4.77,9.87,1,3,45,1.06,82
8.169588247688646,1,2,6,2,0,3,50,2,3,2.44,0.88,1,3,96,7.12,6
5.476825462912363,5,3,4,3,1,3,48,0,1,8.28,9.44,0,4,29,7.65,16
4.0900756732492685,3,1,1,2,0,1,4,5,3,7.36,9.86,0,3,24,1.49,60
3.016559960980677,1,2,2,2,0,3,46,1,4,2.42,0.93,0,5,76,6.87,85
1.615780454713919,3,2,0,2,0,4,16,4,1,4.5,8.42,0,0,96,7.54,60
1.600167210699801,2,3,5,3,1,2,6,1,1,1.77,0.83,1,1,7,6.42,100
9.752162978263433,3,4,2,2,0,4,25,3,3,5.38,5.0,1,1,67,3.46,46
4.637993556953037,2,4,7,3,1,2,49,0,2,8.26,8.72,0,2,22,1.52,64
1.1356110044380867,3,1,4,1,1,3,29,1,1,8.47,9.9,0,1,100,7.81,58
8.845864570919186,4,1,10,2,0,3,7,2,4,2.4,1.2,1,2,83,4.11,22
5.3000514078523535,2,2,2,2,1,3,41,4,4,3.54,7.7,0,4,64,9.81,92
4.133340688025553,1,1,6,1,1,1,3,0,2,3.84,3.41,0,5,4,6.23,92
9.231095803226333,3,3,10,2,0,4,40,5,4,1.9,8.63,1,1,99,0.93,36
4.002261588430171,5,3,8,3,1,3,28,5,4,6.28,8.86,1,0,63,7.64,9
8.518636492666806,5,2,9,2,1,3,1,3,2,7.52,9.5,1,3,88,6.32,68
4.4824361318605455,4,4,0,1,0,3,13,5,2,8.6,9.18,0,1,66,7.92,26
1.5250703485149195,3,2,4,1,0,3,5,1,3,2.21,9.7,0,4,42,0.91,31
9.746797843700463,2,3,7,1,1,2,7,4,1,7.19,3.73,1,1,62,8.71,46
7.777595007504056,5,4,3,2,0,1,26,5,4,0.72,0.55,0,1,46,1.88,49
9.285697468152838,3,4,3,1,1,4,22,0,4,8.06,2.91,1,1,22,7.21,54
7.689023269202782,2,4,8,1,1,4,3,2,2,9.99,0.14,1,2,37,6.57,62
2.553588208720661,3,4,2,2,1,1,0,4,1,5.14,4.44,1,5,4,1.67,69
4.81935375694143,1,3,9,1,0,4,27,5,3,7.22,1.58,1,1,86,7.92,89
2.934335709758788,2,4,6,1,0,1,24,4,3,9.88,9.4,1,3,7,5.25,88
5.671010780022291,5,3,0,3,1,1,18,2,3,7.55,7.7,0,2,63,9.38,41
2.2280569948604096,1,2,3,2,1,1,37,2,2,6.49,3.69,1,3,16,7.06,99
5.384293965456864,4,3,7,1,1,2,40,5,1,1.16,4.34,0,1,78,1.24,92
3.5319479828808817,5,2,9,3,0,3,2,0,4,7.17,0.18,1,4,47,9.97,99
3.610848403167929,1,4,6,2,0,3,2,1,1,4.09,2.46,0,0,3,1.3,94
8.57369913170986,2,1,10,2,0,4,43,4,2,0.69,2.92,0,1,67,2.11,45
9.048916128871193,3,3,8,3,1,1,46,4,4,7.42,5.41,0,5,5,3.92,92
5.991922548635637,4,4,7,2,1,2,44,3,2,1.83,9.6,0,4,29,6.73,4
3.836245173833534,5,1,9,3,0,1,37,4,3,5.27,7.85,1,1,75,9.49,68
9.447430899019984,1,2,5,2,1,1,40,2,3,8.01,3.36,0,1,26,2.39,98
1.1155919612146266,5,2,7,3,0,2,28,1,3,1.55,5.73,1,1,6,4.78,65
7.5923027741541524,1,2,1,3,1,1,26,4,3,9.71,0.56,0,4,87,1.4,23
6.885548289178845,3,3,8,3,1,4,8,1,3,5.77,0.49,1,5,31,9.6,10
7.803276811378701,4,1,1,2,0,1,26,0,2,7.78,7.93,1,5,10,0.89,26
7.968572698741661,1,3,6,1,0,2,40,1,1,3.26,5.67,1,3,12,2.75,50
3.0633436417590025,2,2,0,1,0,2,34,0,2,0.64,8.96,0,2,22,3.51,33
3.5034606650737747,4,4,0,1,0,4,31,5,2,7.24,8.79,1,3,6,6.08,75
4.485642481603286,1,1,5,1,0,2,29,0,2,1.01,3.11,0,1,87,9.39,64
9.659005300929405,3,1,10,3,1,1,20,5,1,1.65,0.14,1,1,60,1.52,30
6.839583221660893,5,2,10,3,0,4,19,1,4,3.85,6.44,1,3,36,2.07,70
8.179103786658459,1,1,9,2,1,1,4,4,4,3.26,4.87,0,0,65,6.87,96
6.72211447497472,4,1,5,1,1,1,27,2,4,8.04,3.62,1,4,16,2.19,100
3.4772951312154605,5,4,9,3,0,3,41,3,4,6.96,0.5,0,1,30,1.4,87
8.545921357164225,3,2,10,2,1,2,49,0,1,6.76,9.37,0,5,84,3.2,46
8.650856132161785,1,3,9,2,0,4,39,4,3,3.07,3.19,1,1,52,2.78,17
1.1983821688009106,3,1,3,3,1,1,11,4,1,3.06,6.63,0,4,5,7.04,7
3.0107757490515055,4,3,1,3,1,3,45,3,3,5.61,0.33,1,4,11,5.4,47
9.476891985680533,1,2,5,3,1,4,3,0,2,8.99,4.78,1,4,72,9.2,33
8.39889623135851,5,1,1,1,0,3,45,1,1,4.82,1.02,0,1,29,2.9,63
3.616676708457823,4,4,9,3,1,2,17,4,3,9.33,5.65,1,3,71,6.97,28
1.3440873647080094,4,4,1,3,1,1,40,5,2,7.11,8.87,0,3,38,7.03,39
3.892009285448828,4,4,3,1,0,4,32,1,3,5.34,3.3,1,0,1,1.72,61
9.29770772688939,4,3,5,1,1,4,18,5,1,3.77,9.68,1,2,58,7.2,20
4.04498161813963,3,4,0,1,1,4,29,3,4,9.0,3.26,0,3,43,5.6,61
1.5578775651821464,2,2,3,3,1,4,20,1,3,2.61,1.6,1,5,57,8.39,70
6.925412141253957,2,1,0,2,1,1,28,3,2,5.67,8.04,0,1,14,3.9,20
1.9438268539513937,3,4,7,3,0,2,17,5,3,8.76,2.18,1,2,68,5.14,68
4.406518867018722,5,4,0,2,0,2,12,1,2,9.51,2.67,1,0,35,8.82,39
7.752738195380662,5,2,4,2,1,2,46,5,1,5.64,4.11,0,3,13,5.02,89
9.880950297488742,1,2,7,3,0,3,37,2,4,3.59,9.66,0,0,63,8.68,71
7.0080231810718345,3,1,5,1,0,4,8,0,3,3.35,5.13,0,1,65,3.41,80
3.272253560268278,1,3,7,2,0,4,9,4,3,0.37,3.02,1,3,21,2.89,91
9.0078868773352,4,4,5,1,0,3,37,3,4,4.85,6.63,1,1,59,0.85,30
3.6389218341616716,5,1,5,3,1,3,40,0,4,7.71,1.35,0,3,92,5.0,1
8.697567479420423,1,4,6,2,0,3,2,1,1,5.65,7.19,0,0,32,3.29,82
8.626492414075154,5,3,5,3,0,1,7,4,1,5.46,1.43,0,5,33,0.7,17
9.498729389387675,5,3,2,1,1,2,31,2,2,9.25,9.02,1,2,100,9.35,55
8.000661071146514,5,2,9,2,1,2,6,4,3,5.56,5.21,0,5,24,9.86,70
8.200467480098835,5,1,0,2,1,4,14,3,3,7.93,5.42,0,5,86,8.39,82
2.1975621710554702,5,1,10,1,0,1,0,3,3,9.65,5.81,1,1,94,1.94,29
7.55491389111628,4,3,1,2,0,4,7,1,3,8.16,3.25,0,2,15,2.02,18
7.755831615309594,5,2,2,1,1,1,0,2,1,2.5,8.88,1,1,42,9.07,3
1.7973756895514659,4,2,9,3,0,2,28,1,4,9.48,5.71,1,5,98,2.98,97
6.682222320946482,4,3,5,1,1,3,3,5,4,5.97,9.76,1,1,30,7.41,63
2.6272054050069924,1,1,4,2,1,1,25,0,1,1.68,8.96,1,5,51,9.03,39
6.0073003231238475,3,2,4,3,1,2,7,4,4,8.09,4.02,1,5,71,3.87,27
7.32510086331554,5,4,6,2,1,2,19,0,3,5.0,0.54,0,3,54,5.96,35
5.367972112590341,2,4,0,3,1,3,30,4,4,0.7,2.23,1,2,93,1.11,71
4.341556931427487,1,1,0,2,1,4,9,1,1,6.69,4.63,1,3,14,6.72,96
7.810823576754653,1,2,10,2,1,3,46,3,2,1.17,4.32,0,5,32,7.84,9
3.2053878237963302,2,3,9,1,1,2,10,1,2,9.96,9.56,1,0,53,3.64,58
7.644288320980003,2,3,6,1,1,1,36,1,3,9.54,6.73,1,2,17,2.19,28
3.8305971579386746,5,4,7,3,0,3,10,5,3,6.62,3.32,0,5,15,2.18,1
3.784877462312131,4,1,8,3,1,2,36,0,3,2.93,5.21,0,2,60,8.41,1
9.572813206475976,1,4,5,2,0,4,10,3,2,2.38,0.88,0,1,72,1.47,85
3.1653086937011987,3,1,0,2,1,4,2,4,2,4.26,2.15,0,2,60,2.07,76
8.735627869099966,4,2,1,1,1,4,1,4,2,2.79,4.81,0,2,2,2.48,16
4.385859320656758,5,2,2,3,0,1,42,3,1,0.62,3.49,1,5,78,6.77,89
7.444799331218746,2,1,9,2,0,4,8,2,1,2.9,2.12,1,3,31,7.82,47
3.3840605819804237,2,2,7,2,0,4,40,3,4,6.88,8.83,1,5,5,9.02,48
3.538186183185693,5,2,4,3,0,1,41,4,3,3.15,6.93,1,1,73,8.04,51
2.9599158347935464,5,1,7,1,1,1,38,0,4,0.16,5.45,1,2,10,0.4,7
5.182590763152813,3,1,3,1,1,3,10,3,3,8.25,3.38,1,3,69,5.17,52
4.87276006065019,2,2,1,1,1,4,16,1,1,6.55,2.69,0,2,33,5.44,95
6.877357570142675,2,3,10,2,0,1,8,3,4,5.94,4.5,1,1,27,2.76,20
5.024039392546934,2,1,3,1,1,2,49,0,1,5.86,1.22,1,4,56,9.85,47
2.7186807984875854,2,2,3,2,0,1,20,4,2,1.14,2.17,0,3,49,8.9,30
7.185423185318201,2,4,9,3,1,3,5,4,1,1.87,4.71,1,1,65,7.23,20
1.6552059722405068,3,3,1,2,1,2,46,5,3,7.23,5.01,1,1,2,9.87,34
1.1619666039190095,1,2,7,1,1,3,8,4,2,2.82,0.28,0,1,53,4.54,12
3.576187053428108,4,1,6,1,0,3,28,3,4,6.92,9.03,1,3,7,0.16,66
2.1587904181070816,1,4,8,1,1,3,43,5,3,6.15,4.87,0,2,79,0.94,65
1.705952079442346,3,3,0,1,0,1,26,1,3,4.28,7.38,0,2,60,5.34,25
6.11431867960285,2,4,1,1,0,1,9,3,1,6.65,7.93,1,2,85,1.77,90
7.460575561488483,2,4,0,2,1,2,15,4,3,8.52,6.67,0,2,50,0.14,29
3.5407014714850655,3,2,0,3,0,3,13,0,1,5.42,7.03,1,3,95,8.6,28
7.506771251713566,5,3,7,3,0,1,11,1,2,4.51,7.68,0,3,30,0.53,35
2.4266671264608073,2,2,8,2,0,2,24,0,2,4.32,1.1,0,0,55,5.57,44
1.9145598609564836,4,3,8,3,0,4,42,2,3,4.56,2.12,1,3,53,0.55,25
2.974459438835664,3,4,5,2,0,3,42,0,4,4.3,1.12,1,3,23,8.43,62
1.1196839524181845,4,3,5,2,1,3,23,1,1,9.31,3.75,1,1,88,7.03,4
3.763563885991336,1,2,0,1,0,3,29,5,4,1.91,7.82,1,2,38,3.87,35
3.520836735015485,2,4,5,2,0,2,37,3,1,6.7,4.25,1,1,39,8.47,67
1.238466795150262,5,3,0,2,1,3,23,3,3,9.91,3.73,0,5,82,1.14,51
5.909730098937238,4,1,3,1,1,4,45,4,1,8.54,8.36,0,5,19,7.48,16
5.782027219483663,3,2,4,1,1,4,23,3,3,9.52,2.51,1,3,76,3.2,72
3.6951140281951877,5,2,0,2,1,1,37,0,3,3.67,6.66,1,2,49,5.67,63
8.334585333387222,4,4,8,1,0,1,33,4,1,9.21,0.18,0,3,83,0.61,23
2.2291827736244163,3,2,3,1,0,3,30,0,1,3.55,8.38,1,1,62,3.51,82
4.702494724808961,3,3,4,1,1,1,48,4,2,1.67,2.56,0,1,61,4.18,99
6.833725145048613,2,1,4,1,1,2,30,4,2,9.37,5.3,1,1,32,6.17,11
2.0691910865546133,3,1,4,1,0,4,41,4,4,6.27,4.45,1,0,68,6.31,48
7.586666497857273,2,2,1,1,0,1,31,5,4,1.01,0.89,0,4,28,4.01,46
2.451971719346486,3,4,7,2,1,4,17,4,1,8.54,5.4,0,1,28,1.4,82
2.3994411486658938,5,1,1,2,0,1,46,3,1,5.11,5.01,1,2,13,1.32,79
4.477001208056473,5,3,9,3,1,1,24,4,3,0.29,1.37,1,5,52,0.27,16
2.926395748975325,5,4,0,1,1,1,1,3,2,9.43,4.11,1,4,1,7.44,75
7.878836752574138,3,3,2,3,1,2,0,1,3,4.14,4.55,1,4,25,6.61,25
9.75806149543864,5,1,7,3,1,3,31,2,2,5.14,7.96,0,3,70,1.33,55
4.353669592758719,1,1,8,2,1,1,47,3,3,8.86,6.0,0,0,77,4.13,7
3.9169847586770623,4,3,4,2,1,3,9,1,2,0.58,4.49,1,1,17,2.49,54
7.402264488262659,4,4,1,1,0,4,0,4,3,1.87,7.59,1,1,24,6.58,79
5.40348348077708,1,3,9,2,0,3,34,4,3,7.85,6.05,1,3,13,0.59,32
2.447305234310734,3,2,6,1,0,1,10,3,4,7.63,3.53,1,5,22,3.01,47
5.0246698259741915,2,4,7,3,1,2,0,1,3,9.43,1.46,0,1,67,6.57,32
2.7280996018155106,3,4,3,2,1,2,39,0,4,8.83,8.85,1,0,7,2.11,51
6.947360253376416,3,3,7,3,0,3,5,3,4,2.19,4.6,0,4,61,3.27,80
2.9969390090002057,1,4,8,3,0,2,31,4,1,9.83,9.43,1,2,95,8.29,53
6.665677844581967,3,1,4,2,1,4,13,0,2,8.18,2.9,1,3,84,1.85,86
2.916827542531634,4,3,0,1,0,3,45,1,3,1.87,3.94,1,1,33,8.99,46
6.610446186793602,4,1,9,1,0,2,33,1,1,6.04,7.83,1,1,81,4.52,97
3.4964029108752905,3,1,5,2,0,1,26,3,1,2.19,9.02,1,1,54,7.63,11
6.387291105360146,1,2,2,1,0,1,12,5,2,8.57,1.27,0,2,15,6.12,2
5.901567349357932,4,2,6,1,0,3,18,5,2,0.85,9.07,0,1,62,1.19,23
9.223063442481127,2,4,5,2,1,2,13,2,2,4.02,5.32,1,2,89,7.05,77
5.885561363248787,2,4,7,3,0,1,27,4,2,3.87,3.19,0,3,54,6.15,13
9.285670136633128,1,2,8,1,0,2,18,3,3,5.58,0.35,0,3,4,3.93,63
7.124582152437871,4,3,10,1,0,3,29,2,2,3.54,1.18,1,5,0,4.35,45
7.793335200188457,2,1,5,2,1,3,15,3,3,8.13,1.13,0,3,87,3.5,10
5.2369546079731135,3,3,5,2,1,3,42,1,3,7.23,0.48,1,5,16,0.6,50
4.711976070472712,5,2,3,1,1,1,45,2,3,2.41,7.76,0,3,61,1.61,77
1.4537090925853282,5,3,6,3,1,3,22,5,4,6.33,9.72,1,3,50,0.38,8
3.3073734401790906,5,4,7,2,0,2,2,1,1,0.65,9.86,1,5,48,7.31,75
5.276174584221995,2,1,7,2,1,2,15,1,1,8.37,3.06,0,4,32,2.04,18
5.12596905760324,2,3,8,2,1,1,35,5,1,0.96,4.35,1,2,9,9.37,57
3.633167398459489,3,1,5,3,0,1,20,4,2,9.3,8.97,1,2,87,3.96,23
5.677662341858266,1,2,5,3,1,1,46,5,1,0.74,0.65,1,4,35,9.69,39
6.2612663541718705,5,4,8,1,1,2,20,0,2,0.74,6.65,0,0,2,8.56,79
3.938330745501142,1,4,8,2,0,1,21,0,2,5.61,5.05,1,0,82,4.94,51
8.688877772657145,5,2,5,1,0,4,17,0,1,9.69,5.69,0,3,63,1.4,66
2.1551556183553684,1,4,5,3,0,3,4,3,2,7.13,4.84,0,3,42,4.32,19
2.5757088226254443,3,1,1,1,1,2,48,2,2,5.37,5.27,0,1,14,5.65,83
9.84454632357436,3,2,9,3,0,4,20,2,2,5.81,6.12,0,4,21,1.37,25
3.897741941044779,5,2,10,1,1,1,14,1,4,9.1,8.73,0,0,5,3.72,93
4.647114736567734,2,3,6,2,0,3,13,4,4,0.56,3.42,1,0,9,0.47,2
4.214811387074649,2,2,4,3,0,2,30,3,3,8.46,3.49,0,3,59,9.04,99
6.91044865473504,1,2,0,2,1,3,50,0,1,4.42,5.11,1,4,58,0.15,1
7.421661175936348,2,4,8,1,0,4,44,3,3,9.86,1.95,0,2,69,3.46,52
5.035891093290469,3,1,6,3,0,3,12,1,4,2.61,2.76,0,2,99,0.32,60
2.166103003887796,5,1,7,2,1,3,26,1,1,0.51,4.8,0,5,91,3.41,49
7.962806748254317,1,4,2,1,1,1,31,1,4,9.63,3.86,1,4,81,2.14,54
4.28068173431341,5,4,4,1,0,1,15,0,2,8.05,0.66,0,0,59,4.95,43
7.012342561511908,2,4,0,2,1,1,13,0,2,7.04,3.7,1,4,26,5.19,75
5.657438068555002,1,2,4,3,1,4,22,3,1,4.5,6.06,1,4,82,7.36,57
2.2439900792805325,2,1,0,2,1,1,21,1,3,3.71,7.54,0,2,36,3.23,61
5.766122301476566,5,3,4,2,0,1,3,4,4,3.13,0.63,1,2,3,4.56,10
1.6938863699367455,1,2,8,3,0,4,8,4,3,4.86,2.01,1,0,83,8.78,24
2.3935095624657317,5,3,1,2,1,3,13,5,3,8.57,3.99,0,2,10,9.98,27
3.707856114149191,5,3,4,1,0,2,49,0,1,4.06,8.23,1,1,73,6.23,48
4.289071943375597,3,3,0,3,0,3,8,5,3,2.63,5.12,1,1,97,0.46,93
9.666211175932109,4,4,10,1,1,4,40,3,4,8.18,5.7,0,1,36,6.82,100
3.1428059102386166,3,2,8,3,0,4,2,3,3,2.47,4.95,1,5,38,9.08,34
1.0489342434870985,4,1,9,2,0,2,26,3,2,7.51,0.2,1,4,41,7.27,47
4.762527944116938,4,4,4,3,1,3,7,5,3,0.83,0.81,1,5,48,0.21,75
2.377173357865706,2,2,6,3,0,4,12,4,3,7.18,6.95,1,1,41,2.53,73
2.2243350868751715,1,3,6,2,0,1,44,2,4,4.39,0.21,0,4,43,6.95,90
1.5094407409876713,4,1,2,3,0,1,38,5,1,6.1,9.79,0,0,78,1.87,60
9.762716453125758,2,4,1,1,0,1,41,5,4,7.32,2.01,1,3,94,8.5,56
8.261420753422675,1,3,4,3,1,4,5,0,4,7.11,4.38,0,3,38,9.0,22
5.540458175467833,4,1,0,2,1,3,21,0,1,1.49,5.99,0,0,94,8.27,5
7.291063982772278,2,3,9,2,1,1,42,0,3,7.68,0.12,0,5,58,4.86,61
7.100519946757185,2,4,2,2,0,3,35,2,3,1.56,1.09,0,2,19,4.13,3
6.5551503532571225,4,2,7,3,1,2,16,0,3,7.1,1.32,0,1,65,7.66,68
9.31546229821359,5,3,6,2,0,1,26,5,2,4.45,4.58,1,1,66,1.46,43
1.1463219447370647,1,4,3,3,0,4,36,5,4,8.29,3.14,1,5,2,3.69,77
1.7780655411458195,1,4,8,1,1,3,14,1,3,7.91,4.88,1,0,38,7.56,26
1.0547598346906057,3,3,6,1,0,4,29,4,4,8.46,8.37,1,4,88,1.74,30
7.217560579948598,4,4,3,1,1,1,10,0,2,9.48,7.18,1,2,13,1.21,17
5.605066363606571,3,2,3,2,0,4,7,5,4,4.05,2.33,1,0,41,7.56,24
8.03334493374944,2,2,7,2,0,2,3,3,1,0.74,2.17,0,5,70,9.29,35
7.508906169751355,4,4,0,1,0,1,11,4,3,4.41,3.93,0,4,92,7.55,70
6.4435480183445994,5,4,5,2,1,4,8,3,1,6.78,9.43,1,3,50,4.4,94
3.001912672948335,5,2,4,2,1,1,31,5,4,4.74,8.98,0,1,20,9.03,57
6.483330752041335,3,2,7,2,1,1,29,1,1,7.23,3.02,1,1,39,5.44,51
4.985641510687399,3,3,6,3,0,2,47,4,3,7.77,3.21,0,3,69,1.22,10
7.731501717769327,4,1,1,2,0,3,17,4,2,3.04,9.65,1,1,5,0.95,47
3.8940524575362154,2,4,10,3,1,1,46,1,4,3.27,6.65,1,3,81,9.67,99
4.73341727353235,1,3,6,2,0,2,25,0,4,0.59,7.95,1,2,92,3.15,35
3.5984006785567493,2,2,10,2,0,3,8,2,2,6.74,2.02,0,0,2,3.32,86
3.286031478399673,1,3,1,2,1,1,38,2,2,2.76,6.4,0,2,8,5.63,37
2.9539856776483795,3,3,1,3,1,4,39,0,1,9.07,2.2,1,4,30,0.37,3
3.396262230228267,1,3,10,3,0,4,25,3,4,6.87,7.95,1,1,15,0.19,31
6.644161937577863,1,4,10,1,1,2,24,5,1,9.79,9.65,0,2,75,6.36,67
7.299991978948858,1,3,1,2,1,3,22,4,3,7.54,2.9,0,3,10,1.3,70
3.4019109638070564,3,2,7,1,1,3,23,5,4,4.59,0.65,1,0,26,1.2,84
6.161906434654168,3,3,9,3,1,1,19,5,1,8.82,4.02,1,3,53,2.82,99
1.1360752288358493,1,3,6,2,0,4,13,0,3,0.92,6.92,1,3,14,5.89,78
8.428812144017297,4,1,5,3,1,3,17,2,3,6.23,6.27,0,3,86,2.25,82
2.8511106367198344,1,1,5,2,1,3,45,0,1,9.18,1.87,0,0,45,8.93,97
9.738548254375338,1,2,1,1,0,3,39,0,1,8.08,9.54,1,3,30,3.36,74
3.205460408220188,1,1,0,3,0,2,5,3,4,0.98,4.38,0,2,68,1.19,24
9.457151046507656,5,3,1,2,1,3,42,5,1,1.66,2.19,1,2,87,9.49,11
3.640961603706291,4,2,0,1,0,2,25,1,4,6.16,7.59,1,1,69,4.98,49
9.342070857252079,5,2,1,1,0,3,23,1,4,0.8,6.32,0,5,58,5.74,52
9.453679281482987,4,2,2,3,0,2,25,2,2,3.98,9.21,0,3,26,9.45,32
7.099762991866497,4,1,10,1,1,4,29,5,1,5.76,2.92,0,2,58,7.77,75
4.424077250469079,4,2,4,3,0,4,12,2,3,3.71,7.65,1,2,17,8.41,30
4.65560116786895,3,3,10,1,0,1,16,4,1,2.1,8.39,0,5,21,2.11,97
6.170653593273449,1,3,5,1,1,4,27,4,3,0.4,4.39,1,4,39,7.43,16
7.839919379369372,4,3,10,2,1,2,21,1,1,4.54,4.04,1,2,21,9.0,27
3.36962843105555,4,4,4,1,0,3,23,2,3,9.22,6.16,0,0,95,7.98,87
6.753357035792739,3,4,1,3,0,4,44,3,2,4.1,6.75,1,3,74,7.2,14
9.2899501154795,2,1,4,3,0,1,18,5,3,5.01,2.4,0,0,1,1.78,83
6.363627284033008,5,1,10,1,0,3,32,4,4,6.69,4.27,1,1,92,5.84,37
6.756070627581272,4,4,4,1,1,1,15,4,4,0.86,3.0,0,4,5,5.22,64
4.3414309444290105,3,2,3,3,1,1,32,2,1,1.06,5.51,1,4,21,4.07,55
1.0654373489863254,1,1,7,3,1,1,39,0,1,5.3,4.61,1,5,98,8.03,52
9.059998224881378,4,2,9,3,1,4,31,5,1,3.59,3.61,1,3,2,2.87,11
7.000427283114025,5,1,0,2,0,3,19,2,4,5.34,6.41,0,2,60,7.82,48
2.777532996808051,1,1,10,3,1,1,13,4,1,7.27,4.54,0,1,8,5.95,25
4.920994348331358,5,2,1,3,1,3,7,5,2,5.87,6.15,1,2,11,6.38,80
8.442417675947944,3,2,7,3,0,2,4,0,1,5.92,7.14,0,5,2,6.44,4
1.2205785343169333,5,1,4,1,1,2,28,4,4,4.7,0.48,0,5,11,6.2,82
2.0674795390730014,5,1,9,1,0,3,43,4,4,0.84,3.18,1,2,59,9.8,56
8.013165954076989,3,1,8,2,0,3,6,1,1,1.48,4.66,0,4,66,1.34,89
5.296117024600385,3,2,2,3,1,1,2,3,1,7.19,2.83,0,3,36,8.84,35
3.8559768202592433,2,1,9,1,0,2,26,2,2,3.9,4.61,0,0,36,4.76,2
3.2801608267794977,3,1,3,3,1,4,21,1,3,1.03,5.2,1,2,81,7.52,58
2.0459268705676346,2,2,10,3,1,1,1,5,4,6.0,1.02,1,5,60,3.53,54
5.159087905983944,3,4,8,3,0,4,19,1,2,7.15,0.74,1,2,73,6.68,37
8.137102981994705,1,4,2,2,1,2,24,1,3,1.82,6.17,1,0,8,7.11,33
5.711038333394116,4,2,7,1,0,2,0,4,3,8.55,6.17,1,5,22,1.48,11
8.757090356918669,1,3,4,3,0,2,1,3,4,4.79,5.26,1,5,71,2.29,85
2.719931295552067,1,1,9,1,1,3,9,5,4,2.13,1.43,0,4,30,4.63,34
7.0266086714911475,1,3,4,2,1,2,10,3,4,6.67,4.67,0,1,63,2.63,6
2.6495707492472405,4,1,5,3,1,2,23,3,4,0.61,8.83,0,0,64,2.75,86
9.213003909113986,2,2,1,2,1,3,20,5,3,2.29,2.84,0,4,17,8.12,74
3.9622668467167075,4,4,1,1,1,4,15,1,3,1.36,8.48,1,2,72,2.59,47
3.305260465169908,4,1,3,1,0,2,35,3,3,7.86,4.74,1,1,90,6.13,78
2.378315516234384,2,1,1,1,0,4,36,5,2,9.34,6.87,1,1,44,9.83,17
5.14581359473325,2,2,2,3,0,2,24,3,4,2.28,2.87,1,0,92,9.96,61
